noun,relative,dist
北緯,0.0,0.0
治安,0.0,0.0
山村,0.0,0.0
入荷,0.0,0.0
維持,0.0,0.3333333333333333
長門,0.0,0.0
飛脚,0.0,0.0
優位,0.0,0.0
現況,0.0,0.0
開陽,0.0,0.0
伏見,0.0,0.0
作戦,0.0,0.0
砲撃,0.0,0.0
部隊,0.0,0.5
衆議,0.0,0.0
イタリア,0.0,0.0
主導,0.0,0.0
終結,0.0,0.13703703703703704
議題,0.0,0.0
木下,0.0,0.0
会計,0.0,0.0
但書,0.0,0.0
事務局,0.0,0.25
人事,0.0,0.0
判官,0.0,0.0
改称,0.0,0.27692307692307694
議事,0.0,0.0
副総裁,0.0,0.125
担当者,0.0,0.004545454545454545
興業,0.0,0.5833333333333334
岡本,0.0,0.41025641025641024
建議,0.0,0.0
青年,0.0,0.0
ロワ,0.0,0.0
公考,0.0,0.0
清水谷,0.0,0.0
布告,0.0,0.0
首脳,0.0,0.1111111111111111
執行,0.0,0.0
辞表,0.0,0.0
大政,0.0,0.0
補充,0.0,0.0
支給,0.0,0.0
囚人,0.0,0.0
諸経費,0.0,0.0
労働条件,0.0,0.0
取り締まり,0.0,0.0
適用,0.0,0.5
使用人,0.0,0.004807692307692308
乗員,0.0,0.0
ホテル,0.0,0.0
人選,0.0,0.0
初代,0.0,0.2121501272264631
魅力,0.0,0.0
肩書き,0.0,0.0
不詳,0.0,0.2
俸給,0.0,0.0
いつも,0.0,0.25
学習,0.0,0.0
生徒,0.0,0.375
燃料,0.0,0.12142857142857143
一本化,0.0,0.0
日増し,0.0,0.0
ついで,0.0,0.21851851851851853
損傷,0.0,0.0
貸渡,0.0,0.0
技師,0.0,0.0
洋風,0.0,0.0
蓄積,0.0,0.0
旧幕,0.0,0.0
クラス,0.0,0.07142857142857142
評価,0.0,0.14285714285714285
配分,0.0,0.0
善太郎,0.0,0.0
千葉,0.0,0.0
急務,0.0,0.0
商取引,0.0,0.0
検閲,0.0,0.0
実務,0.0,0.0
一律,0.0,0.0
判事,0.0,0.0
圭介,0.0,0.0
当局,0.0,0.05555555555555555
残金,0.0,0.0
仲介,0.0,0.0
実質,0.0,0.5
聴取,0.0,0.09090909090909091
月俸,0.0,0.0
破綻,0.0,0.0
採掘,0.0,0.0
窮状,0.0,0.3333333333333333
天皇制,0.0,0.0
低迷,0.0,0.043478260869565216
布達,0.0,0.0
一因,0.0,0.1
岩村,0.0,0.0
大蔵省,0.0,0.0
次官,0.0,0.0
戦線,0.0,0.0
府知事,0.0,0.0
小田,0.0,0.0
再三,0.0,0.0
大隊,0.0,0.0
伝習,0.0,0.0
亀之助,0.0,0.0
嘆願書,0.0,0.0
中立,0.0,0.0
隆盛,0.0,0.0
一覧表,0.0,0.0030581039755351682
総督府,0.0,0.0
小隊,0.0,0.0
加盟,0.0,0.0
本陣,0.0,0.0
同盟,0.0,0.5
羽越,0.0,0.0
上京,0.0,0.25
請求,0.0,0.16666666666666666
支払,0.0,0.24285714285714285
変革,0.0,0.0
各省,0.0,0.0
交付,0.0,0.0
上石見,0.0,0.0
提灯,0.0,0.0
分課,0.0,0.0
談話,0.0,1.0909090909090908
開庁,0.0,0.0
話し合い,0.0,0.0
帳簿,0.0,0.0
演説,0.0,0.41666666666666663
参事,0.0,0.0
育成,0.0,0.0
陣容,0.0,0.0
引渡,0.0,0.0
事前,0.0,0.008130081300813009
ヨリ,0.0,0.07692307692307693
保全,0.0,0.0
金穀,0.0,0.0
不在,0.0,0.0
資金調達,0.0,0.0
従事,0.0,0.0
府事,0.0,0.0
刷新,0.0,0.0
一斉,0.0,0.4444444444444444
発令,0.0,0.0
位置づけ,0.0,0.0
根幹,0.0,0.0
複数,0.0,0.0
官僚,0.0,0.0
東久世,0.0,0.0
官制,0.0,0.0
主任,0.0,0.0
降伏,0.0,0.20202020202020202
知事,0.0,0.0
減額,0.0,0.0
月給,0.0,0.0
公論,0.0,0.0
専任,0.0,0.0
刑法,0.0,0.0
庶務,0.0,0.0
歩兵,0.0,0.0
時々,0.0,0.0
遂行,0.0,0.0
皮切り,0.0,0.047619047619047616
積載,0.0,0.0
国旗,0.0,0.0
延べ,0.0,0.5
ドルフ,0.0,0.0
リュー,0.0,0.0
大日本,0.0,0.058823529411764705
国交,0.0,0.2
購入,0.0,0.060142711518858305
船数,0.0,0.0
弥四郎,0.0,0.0
不明,0.0,0.014492753623188406
上申書,0.0,0.0
中等,0.0,0.0
一員,0.0,0.1
保証,0.0,0.16993464052287582
翻訳,0.0,0.0
マス,0.0,0.0
危機感,0.0,0.05555555555555555
司令官,0.0,0.0
船客,0.0,0.0
高島,0.0,0.0
はと,0.0,0.5928030303030303
荒木,0.0,0.0
中核,0.0,0.0
状況下,0.0,0.8333333333333333
増強,0.0,0.14583333333333331
増築,0.0,0.15441176470588236
ロジャーズ,0.0,0.0
用船,0.0,0.0
飼料,0.0,0.0
牛肉,0.0,0.0
在日,0.0,0.0
当該,0.0,0.0
サンフランシスコ,0.0,0.0
夫人,0.0,0.0
内実,0.0,0.0
ウィル,0.0,0.0
終了,0.0,0.14814814814814814
細則,0.0,0.0
席上,0.0,0.16666666666666666
鹿児島,0.0,0.0
身体,0.0,0.0
拒否,0.0,0.0625
提案,0.0,0.14285714285714285
基調,0.0,0.0
所持,0.0,0.0
論理,0.0,0.0
想像,0.0,0.3333333333333333
モデル,0.0,0.0
か条,0.0,0.0
裁判,0.0,0.16666666666666666
犯罪,0.0,0.5
ともなう,0.0,0.0
草案,0.0,0.0
碇泊,0.0,0.0
具体,0.0,0.2
条文,0.0,0.0
責任者,0.0,0.0
事例,0.0,0.0
神宮,0.0,0.0
事実上,0.0,0.0
思惑,0.0,0.0
即時,0.0,0.0
提供,0.0,0.41666666666666663
冒頭,0.0,0.0
公共,0.0,0.37896825396825395
官員,0.0,0.0
伍長,0.0,0.0
参謀,0.0,0.0
通知,0.0,0.0
危険,0.0,0.0
トン数,0.0,0.0
周知,0.0,0.0
謙二郎,0.0,0.0
ベース,0.0,0.0
呉服店,0.0,0.1111111111111111
運送,0.0,1.1333333333333333
現在地,0.0,0.0
プラン,0.0,0.0
ポンド,0.0,0.0
記載,0.0,0.6666666666666666
建言,0.0,0.0
最新,0.0,0.0
賃銭,0.0,0.0
万次郎,0.0,0.0
質問,0.0,0.0
ランス,0.0,0.0
熱意,0.0,0.0
途絶,0.0,0.14285714285714285
過当,0.0,0.0
見込,0.0,0.0
調べ,0.0,0.0
鯨漁,0.0,0.0
装置,0.0,0.0
投下,0.0,0.0
貸与,0.0,0.0
投入,0.0,0.0
船価,0.0,0.0
欠損,0.0,0.0
プロシア,0.0,0.0
具合,0.0,0.0
発言,0.0,0.47619047619047616
任命,0.0,0.0
代弁,0.0,0.0
外務省,0.0,0.1111111111111111
一覧,0.0,0.0030581039755351682
手続き,0.0,0.14285714285714285
創刊,0.0,0.0
石井,0.0,0.05555555555555555
窓口,0.0,0.0
柳田,0.0,0.0
違反,0.0,1.0
拝借,0.0,0.0
売渡,0.0,0.0
ねらい,0.0,0.0
醤油,0.0,0.0
レベル,0.0,0.0
本格化,0.0,0.0
相馬,0.0,0.25
屯所,0.0,0.0
貸付,0.0,0.058823529411764705
着手,0.0,0.0
届出,0.0,0.0
緩和,0.0,0.0
方式,0.0,0.008130081300813009
変容,0.0,0.0
運用,0.0,0.0
融資,0.0,0.0
直航,0.0,0.0
石数,0.0,0.0
関わり,0.0,0.0
基幹,0.0,0.0
利害,0.0,0.0
経済上,0.0,0.07692307692307693
工事費,0.0,0.0
失敗,0.0,0.08333333333333333
着工,0.0,0.0
支障,0.0,0.0
納税,0.0,0.0
促進,0.0,0.0
大網,0.0,0.0
自立,0.0,0.08333333333333333
沢村,0.0,0.7337662337662337
自費,0.0,0.0
改訂,0.0,0.0
軍事,0.0,0.5333333333333333
遠隔地,0.0,0.0
運営,0.0,0.0
経理,0.0,0.0
投資,0.0,0.0
再開発,0.0,0.14285714285714285
採算,0.0,0.0
貸付金,0.0,0.0
損益,0.0,0.0
支出,0.0,0.0
決算,0.0,0.0
削減,0.0,0.17989417989417988
前出,0.0,0.45
慶喜,0.0,0.0
進捗,0.0,0.0
当面,0.0,0.07142857142857142
常備,0.0,0.0
遊撃隊,0.0,0.0
公正,0.0,0.4444444444444444
枚田,0.0,0.0
協同,0.0,0.0
祝賀会,0.0,0.0
辞職,0.0,0.14285714285714285
杉野,0.0,0.0
次郎吉,0.0,0.0
区会議員,0.0,0.0
安浪,0.0,0.0
組長,0.0,0.1
間接,0.0,0.06666666666666667
元長,0.0,0.0
村尾,0.0,0.0
借家,0.0,0.25
埋め立て,0.0,0.0
つながり,0.0,0.09090909090909091
選挙法,0.0,0.0
教育費,0.0,0.0
総則,0.0,0.0
科目,0.0,0.0
つぎ,0.0,0.16666666666666666
裁定,0.0,0.0
改選,0.0,0.0
起業,0.0,0.0
選出,0.0,0.0
互選,0.0,0.0
選挙人,0.0,0.0
議会,0.0,0.7605861244019139
諮問,0.0,0.0
不動産,0.0,0.0
公布,0.0,0.0
起工,0.0,0.25
自主,0.0,0.0
自治区,0.0,0.0
補助金,0.0,0.0
富岡,0.0,0.0
督促,0.0,0.14285714285714285
自治制,0.0,0.0
区役所,0.0,0.14285714285714285
事業費,0.0,0.0
職種,0.0,0.0
税額,0.0,0.0
地価,0.0,0.0
先祖,0.0,0.02631578947368421
原価,0.0,0.07692307692307693
費目,0.0,0.0
他府県,0.0,0.0
国税,0.0,0.0
百十三,0.0,0.3333333333333333
民費,0.0,0.0
返済,0.0,0.0
主眼,0.0,0.0
正右衛門,0.0,0.14285714285714285
親睦,0.0,0.0
近所,0.0,0.625
議決,0.0,0.0
正副,0.0,0.0
地方税,0.0,0.0
証券,0.0,0.0
三業,0.0,0.0
国費,0.0,0.0
区民,0.0,0.0
共有,0.0,0.0
授業料,0.0,0.0
半期,0.0,0.16666666666666666
区会,0.0,0.0
告示,0.0,0.0
戸数割,0.0,0.0
町内会,0.0,0.0
地代,0.0,0.0
割当,0.0,0.0
変則,0.0,0.0
便所,0.0,0.16666666666666666
修繕費,0.0,0.0
芸娼,0.0,0.0
芸妓,0.0,0.0
貸座敷,0.0,0.08333333333333333
府県会,0.0,0.0
投票,0.0,0.0
参政権,0.0,0.0
決議,0.0,0.27142857142857146
発起人,0.0,0.0
広業,0.0,0.0
半民,0.0,0.0
半官,0.0,0.0
広瀬,0.0,0.0
役員,0.0,0.5393115942028985
神戸,0.0,0.7197802197802197
提携,0.0,0.125
商社,0.0,0.0
食塩,0.0,0.0
憲政,0.0,0.0
安田,0.0,0.0
目前,0.0,0.041666666666666664
満期,0.0,0.0
社説,0.0,0.0
物件,0.0,0.0
定款,0.0,0.0
閣議,0.0,0.0
世論,0.0,0.1111111111111111
引用,0.0,0.25
排撃,0.0,0.0
高まり,0.0,0.0
日日,0.0,0.6833333333333333
聴衆,0.0,0.3333333333333333
期成,0.0,0.16666666666666666
愛国,0.0,0.0
大隈,0.0,0.0
社員,0.0,0.617816091954023
陳情,0.0,0.4236111111111111
公衆,0.0,0.0033444816053511705
五島,0.0,0.0
使命,0.0,0.08333333333333333
活用,0.0,0.043478260869565216
人道,0.0,0.0
発起,0.0,0.0
報道,0.0,0.717816091954023
世間,0.0,0.16666666666666666
関西,0.0,0.0
コレラ,0.0,0.0
任期,0.0,0.07692307692307693
掲載,0.0,0.7051282051282051
開会,0.0,0.0
北溟,0.0,0.0
社長,0.0,0.611111111111111
弁士,0.0,0.0
新聞紙,0.0,0.41666666666666663
忠礼,0.0,0.0
照会,0.0,0.0
代表的,0.0,0.0
頂点,0.0,0.0
国会,0.0,0.0
気運,0.0,0.0
統合,0.0,0.1111111111111111
得票,0.0,0.0
就任,0.0,0.4583333333333333
桜庭,0.0,0.0
民権,0.0,0.0
施行後,0.0,0.0
投書,0.0,0.3333333333333333
原案,0.0,0.0
年齢,0.0,0.0
賛成,0.0,0.0
答弁,0.0,0.0
官有,0.0,0.0
藤五郎,0.0,0.0
成熟,0.0,0.0
欠席,0.0,0.0
定数,0.0,0.0
宇三郎,0.0,0.0
上田,0.0,0.0
平田,0.0,0.0
修正,0.0,0.0
出席,0.0,0.0
啓蔵,0.0,0.0
議長,0.0,0.0
議員,0.0,0.25
当選者,0.0,0.0
住所,0.0,0.02631578947368421
務所,0.0,0.7575757575757576
明確化,0.0,0.0
分担,0.0,0.0
清隆,0.0,0.0
同港,0.0,0.0
前提,0.0,0.0
専務,0.0,0.0
義勇,0.0,0.0
前身,0.0,0.0
兵部,0.0,0.0
通俊,0.0,0.0
招魂,0.0,0.0
カノン,0.0,0.0
会議所,0.0,0.35833333333333334
解除,0.0,0.25882352941176473
勧告,0.0,0.0
会合,0.0,0.0
監視,0.0,0.0625
新道,0.0,0.0
見送り,0.0,0.0
歩調,0.0,0.0
菊池,0.0,0.0
志願者,0.0,0.0
改定,0.0,0.0
主典,0.0,0.0
中判,0.0,0.0
官庁,0.0,0.3717948717948718
会計課,0.0,0.0
制定,0.0,0.3333333333333333
正院,0.0,0.0
函衛,0.0,0.0
分掌,0.0,0.0
海関,0.0,0.0
道庁,0.0,0.9178321678321678
退任,0.0,0.0
本庁,0.0,0.0
章程,0.0,0.0
置県,0.0,0.0
廃藩,0.0,0.0
邏卒,0.0,0.0
陸海軍,0.0,0.0
避難,0.0,0.058823529411764705
黒田,0.0,0.0
軍用,0.0,0.0
大蔵,0.0,0.0
引揚げ,0.0,0.125
火事,0.0,0.14285714285714285
デュース,0.0,0.0
沈没,0.0,0.0
表明,0.0,0.0
荒井,0.0,0.0
援護,0.0,0.5
蟠龍,0.0,0.0
回天,0.0,0.0
朝陽,0.0,0.0
決着,0.0,0.0
妥協,0.0,0.0
渋沢,0.0,0.0
彰義,0.0,0.0
咸臨,0.0,0.0
戦況,0.0,0.0
海陸,0.0,0.0
三上,0.0,0.0
連携,0.0,0.0
野村,0.0,0.1111111111111111
春日,0.0,0.0
甲鉄,0.0,0.0
前金,0.0,0.0
稼業,0.0,0.08333333333333333
連載,0.0,0.14285714285714285
撤廃,0.0,0.3333333333333333
訓練,0.0,0.0
佐渡,0.0,0.0
公選,0.0,0.0
宣言,0.0,0.5
働きかけ,0.0,0.0
請願書,0.0,0.0
声明書,0.0,0.0
分隊,0.0,0.0
きっかけ,0.0,0.16666666666666666
学務,0.0,0.0
司法,0.0,0.0
管下,0.0,0.0
外事,0.0,0.0
逓送,0.0,0.0
郵船,0.0,0.1111111111111111
手形,0.0,0.0
料金,0.0,0.6444444444444445
逓信,0.0,0.3333333333333333
商務,0.0,0.0
郵便,0.0,0.0
意欲,0.0,0.045454545454545456
判決,0.0,0.0
警視,0.0,0.0
広島,0.0,0.07142857142857142
名古屋,0.0,0.0
地方裁判所,0.0,0.16666666666666666
控訴,0.0,0.0
監獄,0.0,0.2
検事,0.0,0.0
警察官,0.0,0.125
防止,0.0,0.125
本文,0.0,0.043478260869565216
不定,0.0,0.0
宝町,0.0,0.0
見直し,0.0,0.0
郡長,0.0,0.0
井口,0.0,0.0
常野,0.0,0.0
編制,0.0,0.0
編入,0.0,0.0
新任,0.0,0.0
退職,0.0,0.5625
選挙,0.0,0.0
試験場,0.0,0.0
幹線,0.0,0.0
分局,0.0,0.0
架設,0.0,0.0
貯金,0.0,0.14285714285714285
郵便局,0.0,0.0
北海道内,0.0,0.3333333333333333
法規,0.0,0.0
土方,0.0,0.0
水上,0.0,0.0
分署,0.0,0.0
視点,0.0,0.08893280632411067
桐野,0.0,0.0
募集,0.0,0.25
中隊,0.0,0.0
大多数,0.0,0.0030303030303030303
出身者,0.0,0.0
開催,0.0,1.0295893719806763
士族,0.0,0.0
協和,0.0,0.0
綱領,0.0,0.0
地租,0.0,0.0
大区,0.0,0.0
議案,0.0,0.0
役場,0.0,0.06666666666666667
戸長,0.0,0.0
郡区,0.0,0.0
内職,0.0,0.0
詰め,0.0,0.008130081300813009
時任,0.0,0.0034965034965034965
為基,0.0,0.0
警察署,0.0,1.6222222222222222
小区,0.0,0.0
巡査,0.0,0.0
警部,0.0,0.0
電信,0.0,0.0
地券,0.0,0.0
懲役,0.0,0.5
違反者,0.0,0.25
条例,0.0,0.0
総長,0.0,0.0
区長,0.0,0.0
定額,0.0,0.0
総合,0.0,0.3125
替え,0.0,0.16666666666666666
関係書類,0.0,0.0
県庁,0.0,0.0
有竹,0.0,0.0
等級,0.0,0.0
憲法,0.0,0.0
決意,0.0,0.0
正弘,0.0,0.0
浅草,0.0,0.25
幼児,0.0,0.0
商家,0.0,0.0
生まれ,0.0,0.3655913978494624
山崎,0.0,0.08333333333333333
社中,0.0,0.0
結社,0.0,0.0
杉浦,0.0,0.25
郷里,0.0,0.0
付録,0.0,0.0
文章,0.0,0.0
藤兵衛,0.0,0.0
若山,0.0,0.0
教師,0.0,0.0
書物,0.0,0.0
推薦,0.0,0.0
俳句,0.0,0.0
先生,0.0,0.005649717514124294
嘉七,0.0,0.25
和親,0.0,0.0
調印,0.0,0.0
艦船,0.0,0.0
国境,0.0,0.0
回航,0.0,0.0
全権,0.0,0.0
通告,0.0,0.0
締結,0.0,0.0
牧師,0.0,0.0
英仏,0.0,0.0
プチャーチン,0.0,0.0
捕鯨,0.0,0.0
内国,0.0,0.0
琉球,0.0,0.0
財産,0.0,0.1111111111111111
回答,0.0,0.30000000000000004
提出,0.0,0.18382352941176472
勃発,0.0,0.0
兵士,0.0,0.14285714285714285
石田,0.0,0.0
住職,0.0,0.0
砲台,0.0,0.0
法華,0.0,0.16666666666666666
茶屋,0.0,0.0
長屋,0.0,0.08727034120734908
娼妓,0.0,0.5
観音,0.0,0.0
幕領,0.0,0.0
大石,0.0,0.0
例祭,0.0,0.0
日雇い,0.0,0.0
家作,0.0,0.0
職人,0.0,0.1111111111111111
町並み,0.0,0.0
村々,0.0,0.05
生産量,0.0,0.0
増減,0.0,0.14285714285714285
私娼,0.0,0.5
免許,0.0,0.3343669250645995
興行,0.0,0.25
清水,0.0,0.10230179028132992
永井,0.0,0.0
焦点,0.0,0.0
論議,0.0,0.0
捻出,0.0,0.0
設計,0.0,0.0
築城,0.0,0.0
欠乏,0.0,0.0
紛議,0.0,0.0
捕鯨船,0.0,0.0
送還,0.0,0.0
航行,0.0,0.0
翌月,0.0,0.0
小右衛門,0.0,0.0
停泊,0.0,0.25
衝突,0.0,0.25
概略,0.0,0.0
大洋,0.0,0.0
返還,0.0,0.0
建網,0.0,0.0
日米,0.0,0.0
勘解由,0.0,0.0
申請,0.0,0.22116119174942706
要所,0.0,0.0
津田,0.0,0.0
歳入,0.0,0.0
趣意,0.0,0.0
乙部,0.0,0.0
分割,0.0,0.07142857142857142
兵力,0.0,0.0
仕向,0.0,0.0
概況,0.0,0.0
意見書,0.0,0.0
婦人,0.0,0.5
便宜,0.0,0.0
願い,0.0,0.2625
水兵,0.0,0.0
取り決め,0.0,0.0
防禦,0.0,0.0
斐三郎,0.0,0.0
所管,0.0,0.0
会津,0.0,0.0
喜三郎,0.0,0.058823529411764705
井上,0.0,0.6111111111111112
石工,0.0,0.0
松川,0.0,0.005649717514124294
石垣,0.0,0.0
山口,0.0,0.0
内訳,0.0,0.125
田村,0.0,1.7575757575757576
下付,0.0,0.0
総額,0.0,0.0
橋本,0.0,0.0
兼務,0.0,0.0
栗本,0.0,0.0
勝田,0.0,0.0
沿海,0.0,0.5
各藩,0.0,0.0
継続,0.0,0.5166666666666667
本務,0.0,0.0
任務,0.0,0.0
需用,0.0,0.08333333333333333
ポーハタン,0.0,0.0
要請,0.0,0.2
サケ,0.0,0.0
船長,0.0,0.0
帆船,0.0,0.25
同日,0.0,0.0
見通し,0.0,0.17777777777777776
ミシシッピー,0.0,0.0
葬儀,0.0,0.0
見物,0.0,0.3333333333333333
小間物,0.0,0.0
山の手,0.0,0.0
全文,0.0,0.0
心得,0.0,0.0
又左衛門,0.0,0.0
遠藤,0.0,0.0
神仏,0.0,0.0
署名,0.0,0.04
責任,0.0,0.7291666666666666
平山,0.0,0.0
以内,0.0,0.0
遊歩,0.0,0.0
名簿,0.0,0.0
出席者,0.0,0.0
かた,0.0,0.6594827586206896
今回,0.0,0.003067484662576687
条項,0.0,0.0
効力,0.0,0.0
一応,0.0,0.0
旗艦,0.0,0.0
漢文,0.0,0.0
見学,0.0,0.0
退去,0.0,0.0
約定,0.0,0.0
挨拶,0.0,0.0
ウイリアムズ,0.0,0.0
翌日,0.0,0.39285714285714285
達書,0.0,0.0
有志,0.0,0.0
発行,0.0,0.0
勃興,0.0,0.0
ゴロウニン,0.0,0.0
歩道橋,0.0,0.0
北門,0.0,0.0
商工業,0.0,0.058823529411764705
運賃,0.0,0.03571428571428571
要望,0.0,0.25
対立,0.0,0.0
会談,0.0,0.0
従前,0.0,0.1
仲町,0.0,0.0
部屋,0.0,0.030303030303030304
惣代,0.0,0.0
善吉,0.0,0.08333333333333333
清六,0.0,0.0
喜兵衛,0.0,0.0
存続,0.0,0.75
大工町,0.0,0.0
御役所,0.0,0.0
あて,0.0,0.0
手紙,0.0,0.0
連行,0.0,0.25
途中,0.0,0.0
水産物,0.0,0.0
彦助,0.0,0.058823529411764705
ディアナ,0.0,0.0
釈放,0.0,0.1111111111111111
意思,0.0,0.0
ボート,0.0,0.0
日本語,0.0,0.0
一度,0.0,0.0
光景,0.0,0.14766483516483517
リコルド,0.0,0.0
士官,0.0,0.0
往復,0.0,0.18336565395388926
給与,0.0,0.0
食料,0.0,1.3269230769230769
要旨,0.0,0.0
連名,0.0,0.0
選定,0.0,0.0
両港,0.0,0.0
領有,0.0,0.0
国後島,0.0,0.0
水戸,0.0,0.0
相談,0.0,0.06666666666666667
物産,0.0,0.0
荒物,0.0,0.0
太物,0.0,0.0
建造,0.0,0.0
呉服,0.0,0.18710589258534463
回漕,0.0,0.0
金兵衛,0.0,0.0
弥吉,0.0,0.0
塩鮭,0.0,0.0
塩魚,0.0,0.0
移出,0.0,0.125
寄港,0.0,0.25
看板,0.0,0.0
搾粕,0.0,0.0
塩鱒,0.0,0.0
盛況,0.0,0.0
請願,0.0,0.0
回送,0.0,0.0
直営,0.0,0.0
滞納,0.0,0.0
収支,0.0,0.0
高値,0.0,0.25
競争,0.0,0.4083333333333333
概算,0.0,0.0
如く,0.0,0.375
要項,0.0,0.0
松本,0.0,0.0
金高,0.0,0.25
人件費,0.0,0.16666666666666666
手続,0.0,0.14285714285714285
大資本,0.0,0.0
官営,0.0,0.25
家業,0.0,0.0
犠牲,0.0,0.058823529411764705
両国,0.0,0.0
調停,0.0,0.0
行き,0.0,0.08626887131560029
引継ぎ,0.0,0.0
貸金,0.0,0.0
水野,0.0,0.0
藤田,0.0,0.0
配慮,0.0,0.038461538461538464
軌道,0.0,0.38888888888888884
手配,0.0,0.14285714285714285
職制,0.0,0.0
幕閣,0.0,0.0
教導,0.0,0.0
か村,0.0,0.0
改善,0.0,0.1111111111111111
菓子,0.0,0.6177336276674026
裁縫,0.0,0.0
島田,0.0,0.08333333333333333
果物,0.0,0.0
推進,0.0,0.1736111111111111
諸税,0.0,0.0
出納,0.0,0.0
施政,0.0,0.0
肥料,0.0,0.39999999999999997
対応,0.0,0.7242063492063492
取組,0.0,0.0
買付,0.0,0.0
三重,0.0,0.5
総計,0.0,0.047619047619047616
自分,0.0,0.051255411255411255
契約,0.0,0.2111111111111111
抵抗,0.0,0.0
船名,0.0,0.0
競売,0.0,0.0
追放,0.0,0.0
異人,0.0,0.0
没落,0.0,0.0
藤野,0.0,0.125
歳出,0.0,0.0
総裁,0.0,0.125
過ぎ,0.0,0.7
津波,0.0,0.0
芸者,0.0,0.2
大工,0.0,0.14285714285714285
帰還,0.0,0.0
余裕,0.0,0.0
立場,0.0,0.375
民政,0.0,0.0
訪問,0.0,0.0625
有川,0.0,0.25
矢不来,0.0,0.0
子供,0.0,0.47410922410922407
予備,0.0,0.0
服部,0.0,0.0
審議,0.0,0.041666666666666664
折衝,0.0,0.0
同行,0.0,0.1
騒ぎ,0.0,0.0
再度,0.0,0.0
少年,0.0,0.0
兵器,0.0,0.0
風景,0.0,0.0
両国間,0.0,0.0
斡旋,0.0,0.125
遊び,0.0,0.5
子供たち,0.0,0.0
体裁,0.0,0.0
繁忙,0.0,0.0
例外,0.0,0.0
業態,0.0,0.0
趨勢,0.0,0.0
達し,0.0,1.1036764705882351
働き,0.0,0.5333333333333333
窮民,0.0,0.0
措置,0.0,0.0
類焼,0.0,0.6666666666666666
町家,0.0,0.0
実行,0.0,0.2777777777777778
山ノ上町,0.0,0.0
消火,0.0,0.0
近隣,0.0,0.1
渡世,0.0,0.0
権威,0.0,0.0
広井,0.0,0.0
郭内,0.0,0.0
職工,0.0,0.8095238095238095
留守,0.0,0.03571428571428571
大規模,0.0,0.22549019607843135
年度,0.0,0.05263157894736842
反射炉,0.0,0.0
溶鉱炉,0.0,0.0
市右衛門,0.0,0.0
操業,0.0,0.0
鉱業,0.0,0.0
裁可,0.0,0.0
連署,0.0,0.0
払い下げ,0.0,0.0
斎藤,0.0,0.16666666666666666
資本金,0.0,0.4444444444444444
製造所,0.0,0.08333333333333333
醸造,0.0,0.0
年中,0.0,0.0
澱粉,0.0,0.3333333333333333
松之丞,0.0,0.0
休業,0.0,0.5833333333333334
教育機関,0.0,0.0
弾薬,0.0,0.0
両名,0.0,0.0
医学,0.0,0.0
配当,0.0,0.5
蒸気,0.0,0.0
特許,0.0,0.0
製紙,0.0,0.08333333333333333
合資会社,0.0,0.5909090909090909
概表,0.0,0.25
年報,0.0,0.16666666666666666
勧業,0.0,0.0
造船業,0.0,0.3611111111111111
金森,0.0,0.0
広告,0.0,0.5944444444444444
器械,0.0,0.0
本多,0.0,0.0
豊凶,0.0,0.0
豊作,0.0,0.0
官金,0.0,0.0
汽船,0.0,0.1111111111111111
暴騰,0.0,0.2
玄米,0.0,0.0
米価,0.0,0.0
白米,0.0,0.0
下落,0.0,0.3333333333333333
利息,0.0,0.0
傭船,0.0,0.0
出願者,0.0,0.0
質屋,0.0,0.0
利子,0.0,0.0
抵当,0.0,0.0
貸借,0.0,0.0
短期,0.0,0.04
信用,0.0,0.2
金利,0.0,0.0
金子,0.0,0.2
山道,0.0,0.125
藤山,0.0,0.0
忠次郎,0.0,0.0
年限,0.0,0.0
年賦,0.0,0.0
資力,0.0,0.0
村民,0.0,0.3125
連年,0.0,0.0
本店,0.0,0.0
活気,0.0,0.5799373040752351
各戸,0.0,0.037037037037037035
栄七,0.0,0.0
池田,0.0,0.25
営業者,0.0,0.0
私有地,0.0,0.0
出願,0.0,0.07142857142857142
島野,0.0,0.0
沽券,0.0,0.0
狭隘,0.0,0.25
損失,0.0,0.5
洋学,0.0,0.0
荷為替,0.0,0.0
入学,0.0,0.0045045045045045045
主義,0.0,0.6
斉藤,0.0,0.07692307692307693
反応,0.0,0.0
公立,0.0,0.0
予防,0.0,0.0
恐れ,0.0,0.16666666666666666
伝染病,0.0,0.0
総体,0.0,0.0
歌舞伎,0.0,0.25
免状,0.0,0.0
痘苗,0.0,0.0
全書,0.0,0.0
カトリック,0.0,0.0
無料,0.0,0.06666666666666667
総て,0.0,0.0
正教会,0.0,0.0
主筆,0.0,0.0
開業医,0.0,0.0
研修,0.0,0.0
大谷,0.0,0.0
遊女,0.0,0.0
マイル,0.0,0.0
情報,0.0,0.3333333333333333
具体的,0.0,0.2
ショック,0.0,0.1111111111111111
協約,0.0,0.0
蒸気船,0.0,0.0
文言,0.0,0.0
滝野,0.0,0.0
親書,0.0,0.0
各々,0.0,0.0
対日,0.0,0.125
坂道,0.0,0.0
身元,0.0,0.0
救済,0.0,0.25263157894736843
街路,0.0,0.5
ありさま,0.0,0.125
日本国内,0.0,0.0
患者,0.0,0.0
世話役,0.0,0.0
子弟,0.0,0.0
文部省,0.0,0.0
講義,0.0,0.0
私塾,0.0,0.0
書記官,0.0,0.0
邦人,0.0,0.0
代理,0.0,0.12406015037593984
清吉,0.0,0.0
学制,0.0,0.0
塩田,0.0,0.0
余暇,0.0,0.0
五八郎,0.0,0.0
名村,0.0,0.0
文庫,0.0,0.2
語学,0.0,0.0
蔵書,0.0,0.0
消滅,0.0,0.0
養成,0.0,0.0
太政官,0.0,0.0
洋画,0.0,0.14285714285714285
横山,0.0,0.0
講堂,0.0,0.0
診察,0.0,0.0
玄関,0.0,0.16666666666666666
施療,0.0,0.0
当事者,0.0,0.0
誕生,0.0,0.09090909090909091
医学所,0.0,0.0
面目,0.0,0.45
洋春,0.0,0.0
種痘,0.0,0.0
高野,0.0,0.0
氏名,0.0,0.0
祈祷,0.0,0.0
天然痘,0.0,0.0
作品,0.0,0.0
末年,0.0,0.0
露国,0.0,0.0
今井,0.0,0.6666666666666666
手数料,0.0,0.0
内山,0.0,0.0
価額,0.0,0.0
長之助,0.0,0.3333333333333333
ストーブ,0.0,0.30000000000000004
刺激,0.0,0.0
カション,0.0,0.0
フランス人,0.0,0.0
豊治,0.0,0.0
技芸,0.0,0.0
満州,0.0,0.1111111111111111
治療,0.0,0.0
名義,0.0,0.0
中国人,0.0,0.3333333333333333
ユースデン,0.0,0.0
一躍,0.0,0.0
漁夫,0.0,0.0
組合員,0.0,0.16233766233766234
鎮撫,0.0,0.0
外国語,0.0,0.0
将校,0.0,0.0
蒸汽,0.0,0.0
功績,0.0,0.0
スタート,0.0,0.09698275862068965
支払い,0.0,0.14285714285714285
店頭,0.0,0.0
取締役,0.0,0.225
強制,0.0,0.0
増額,0.0,0.0
実績,0.0,0.14215686274509803
商会,0.0,0.3026315789473684
課税,0.0,0.0
経緯,0.0,0.3333333333333333
文右衛門,0.0,0.0
後述,0.0,0.34090909090909094
トラブル,0.0,0.0
発送,0.0,0.14285714285714285
外交,0.0,0.1213235294117647
付属,0.0,0.0
強行,0.0,0.6666666666666666
遊郭,0.0,0.0
外務,0.0,0.1111111111111111
雑居,0.0,0.0
在留,0.0,0.0
乗船,0.0,0.0
リード,0.0,0.0
代価,0.0,0.0
馬鈴薯,0.0,0.125
所得,0.0,0.045454545454545456
過半数,0.0,0.0
承認,0.0,0.0
石炭,0.0,0.575
岬台,0.0,0.0
逼迫,0.0,0.0
忠兵衛,0.0,0.0
対外,0.0,0.0625
攻撃,0.0,0.125
軍事的,0.0,0.0
完成,0.0,0.5
工費,0.0,0.0
解釈,0.0,0.0
事務官,0.0,0.0
ライス,0.0,0.0
抗議,0.0,1.0
ポーター,0.0,0.0
坪数,0.0,0.0
竣工,0.0,0.16666666666666666
官費,0.0,0.0
波止場,0.0,0.0
落成,0.0,0.0
弊害,0.0,0.0
居留民,0.0,0.0
か国,0.0,0.0
居留地,0.0,0.0
期日,0.0,0.0
大勢,0.0,0.0
総領事,0.0,0.0
貿易港,0.0,0.0
遊女屋,0.0,0.0
大統領,0.0,0.0
藤吉,0.0,0.0
国別,0.0,0.0
比重,0.0,0.0
圧力,0.0,0.1111111111111111
無理,0.0,0.0
把握,0.0,0.0
焼酎,0.0,0.0
加工品,0.0,0.0
販路,0.0,0.5
鉱産,0.0,0.0
売上額,0.0,0.03571428571428571
現金,0.0,0.1
不都合,0.0,0.0
薩摩,0.0,0.0
品川,0.0,0.0
反映,0.0,0.79
中止,0.0,0.4470238095238095
企画,0.0,0.034482758620689655
香港,0.0,0.0
資金,0.0,0.6666666666666666
点検,0.0,0.0
増設,0.0,0.26785714285714285
沖之,0.0,0.0
両替,0.0,0.0
相対,0.0,0.0
雑貨,0.0,0.554424778761062
金沢,0.0,0.058823529411764705
西回り,0.0,0.0
振興,0.0,0.25555555555555554
仕込,0.0,0.0
荷主,0.0,0.0
山本,0.0,0.058823529411764705
西岡,0.0,0.0
施策,0.0,0.045454545454545456
影響力,0.0,0.16666666666666666
小野,0.0,0.0
出資者,0.0,0.0
三井,0.0,0.0
為替,0.0,0.14285714285714285
年次,0.0,0.0
出資,0.0,0.0625
学校,0.0,1.1561592854391467
堀割,0.0,0.0
復命書,0.0,0.0
日程,0.0,0.0
反発,0.0,0.14285714285714285
向け,0.0,0.6453982391482391
規制,0.0,0.4601449275362318
扱い,0.0,0.07692307692307693
警保,0.0,0.0
納入,0.0,0.0
正規,0.0,0.038461538461538464
具体化,0.0,0.0
仲買人,0.0,0.0
売却,0.0,0.0
のぼり,0.0,0.0
首位,0.0,0.0
自由貿易,0.0,0.0
直輸出,0.0,0.0
半年,0.0,0.0
ドル,0.0,0.005025125628140704
需給,0.0,0.0
洋銀,0.0,0.0
上海,0.0,0.0
能力,0.0,0.0
調所,0.0,0.0
ほう,0.0,0.07692307692307693
本位,0.0,0.0
提示,0.0,0.0
上記,0.0,0.5
実況,0.0,0.05
税則,0.0,0.0
商法,0.0,0.0
派遣,0.0,0.25
対応策,0.0,0.0
資産,0.0,0.0
佐野,0.0,0.0
重吉,0.0,0.0
好況,0.0,0.3333333333333333
騰貴,0.0,0.0
引換,0.0,0.0
切符,0.0,0.1111111111111111
出航,0.0,0.0
多大,0.0,0.1
論調,0.0,0.0
発刊,0.0,0.5
平次郎,0.0,0.0
公会堂,0.0,0.0
有権者,0.0,0.0
発会,0.0,0.1
市会議員,0.0,0.25
道会,0.0,0.0
選考,0.0,0.0
投票率,0.0,0.0
会派,0.0,0.0
公友,0.0,0.0
軍人,0.0,0.0
募金,0.0,0.05263157894736842
慰問,0.0,0.0
宣戦,0.0,0.0
支部長,0.0,0.09090909090909091
出征,0.0,0.0
選挙戦,0.0,0.0
徒歩,0.0,0.0
両派,0.0,0.0
農林,0.0,0.0625
対中,0.0,0.0
排斥,0.0,0.0
日貨,0.0,0.0
大衆,0.0,0.75
民国,0.0,0.1111111111111111
中華,0.0,0.0
燐鉱,0.0,0.0
恩賀,0.0,0.0
外国米,0.0,0.0
卸売市場,0.0,0.3333333333333333
租借,0.0,0.0
冷凍,0.0,0.0
貝柱,0.0,0.0
海参,0.0,0.0
製缶,0.0,0.0
成金,0.0,0.0
高村,0.0,0.0
司令部,0.0,0.0
師団,0.0,0.5
壮丁,0.0,0.0
発売,0.0,0.1111111111111111
珍報,0.0,0.0
立候補者,0.0,0.0
総選挙,0.0,0.0
設立者,0.0,0.0
幹事長,0.0,0.0
政友,0.0,0.0
読者,0.0,0.0
擁護,0.0,0.1
小説,0.0,0.0
改題,0.0,0.0
編集人,0.0,0.0
部数,0.0,0.0
購読者,0.0,0.0
購読,0.0,0.0
日刊紙,0.0,0.16666666666666666
言論,0.0,0.3333333333333333
川柳,0.0,0.0
画壇,0.0,0.0
不能,0.0,0.0
啄木,0.0,0.0625
生涯,0.0,0.0
訓育,0.0,0.0
北日本,0.0,0.3055555555555555
争議,0.0,0.08333333333333333
ストライキ,0.0,0.125
社会主義,0.0,0.0
労働争議,0.0,0.0
低賃金,0.0,0.09090909090909091
高揚,0.0,0.0
勤労,0.0,0.0
空き地,0.0,0.0
寄贈,0.0,0.0
新製品,0.0,0.0
基金,0.0,0.1111111111111111
写真家,0.0,0.0
入場料,0.0,0.08333333333333333
空缶,0.0,0.0
編集長,0.0,0.0
関東州,0.0,0.0
タンク,0.0,0.00847457627118644
市政,0.0,0.21428571428571427
年生,0.0,0.2763157894736842
祝賀,0.0,0.0
詔書,0.0,0.0
一貫,0.0,0.41666666666666663
文芸,0.0,0.0
各界,0.0,0.0
松次郎,0.0,0.0
教職員,0.0,0.0
個性,0.0,0.09090909090909091
心身,0.0,0.0
柏野,0.0,0.1111111111111111
運動会,0.0,0.0
新教育,0.0,0.0
冷蔵,0.0,0.043478260869565216
発効,0.0,0.125
スポーツ,0.0,0.0
東邦,0.0,0.0
主事,0.0,0.0
市営,0.0,0.37601246105919006
北海道拓殖銀行,0.0,0.0
穴水,0.0,0.0
破壊,0.0,0.5909090909090909
労農,0.0,0.5
講演会,0.0,0.0
連盟,0.0,0.16374269005847952
報償,0.0,0.1
孝三郎,0.0,0.0
札幌市,0.0,0.0
陳情書,0.0,0.0
村長,0.0,0.0
市当局,0.0,0.0
膨張,0.0,0.30000000000000004
森一,0.0,0.0
基本計画,0.0,0.0
時半,0.0,0.2777777777777778
舗装,0.0,0.01
企業合同,0.0,0.0
慎太郎,0.0,0.0
カム,0.0,0.0
縺溘,0.0,0.0
竏単,0.0,0.07692307692307693
家具,0.0,0.0
瀬崎,0.0,0.0
製綿,0.0,0.07692307692307693
電力,0.0,0.5032679738562091
コンクリート,0.0,0.005681818181818182
繧医,0.0,0.0
鉄筋,0.0,0.0
小熊,0.0,0.25
共進,0.0,0.0
航送,0.0,0.0
部会,0.0,0.41666666666666663
石館,0.0,0.05263157894736842
大泊,0.0,0.0
太洋,0.0,0.0
幸一郎,0.0,0.25
縺吶,0.0,0.0
br,0.0,0.0
繧後,0.0,0.0
紅鮭,0.0,0.0
ペトロパブロフスク,0.0,0.0
連合国,0.0,0.0
従業員数,0.0,0.14545454545454545
タグボート,0.0,0.0
根岸,0.0,0.0
鉄工所,0.0,0.3333333333333333
ウロコ,0.0,0.0
燐酸,0.0,0.0
女工,0.0,0.0
財界,0.0,0.14285714285714285
苦境,0.0,0.0
職場,0.0,0.976190476190476
ビスケット,0.0,0.0
製菓,0.0,0.0
縺励,0.0,0.0
繧九,0.0,0.0
サハリン,0.0,0.0
月賦,0.0,0.0
活字,0.0,0.0
印刷所,0.0,0.0
移管,0.0,0.0
義務教育,0.0,0.0
総務,0.0,0.0
首相,0.0,0.0
校長,0.0,0.0
方向性,0.0,0.0
教養,0.0,0.3333333333333333
父母,0.0,0.0
尋常科,0.0,0.0
代用,0.0,0.0
尋常,0.0,0.0
学校令,0.0,0.0
杉村,0.0,0.0
併設,0.0,0.0
高等科,0.0,0.125
教育課程,0.0,0.0
教科書,0.0,0.0
体操,0.0,0.0
子ども,0.0,1.325
学年,0.0,0.0
陳列,0.0,0.0
教諭,0.0,0.0
折り,0.0,0.04
武藤,0.0,0.0
開園,0.0,0.0
幼稚園,0.0,0.0
育児,0.0,0.0
法人,0.0,0.0
本科,0.0,0.0
養育,0.0,0.0
清次,0.0,0.0
篠崎,0.0,0.0
院長,0.0,0.0
福祉,0.0,0.047619047619047616
ドレーパー,0.0,0.0
盲唖,0.0,0.0
公会,0.0,0.0
修身,0.0,0.0
修了,0.0,0.0
全科,0.0,0.0
学齢,0.0,0.0
校名,0.0,0.0
両校,0.0,0.0
学級,0.0,0.0
学科,0.0,0.0
サルトフ,0.0,0.0
在学,0.0,0.0
児童,0.0,0.07142857142857142
課程,0.0,0.0
数学,0.0,0.0
教科,0.0,0.0
教則,0.0,0.0
中学,0.0,0.5059880239520959
学校教育,0.0,0.0
教員,0.0,0.034482758620689655
開校,0.0,0.0
月額,0.0,0.0
小学,0.0,0.07575757575757576
松蔭,0.0,0.0
公立小学校,0.0,0.0
文部,0.0,0.0
就学率,0.0,0.0
宿直,0.0,0.0
同校,0.0,0.0
常盤,0.0,0.0
賦金,0.0,0.0
テーブル,0.0,0.3717948717948718
寄付金,0.0,0.0
満員,0.0,0.25
校内,0.0,0.0
卒業後,0.0,0.0
学事,0.0,0.0
学業,0.0,0.0
卒業生,0.0,0.0
学区,0.0,0.0
初等,0.0,0.0
専門学校,0.0,0.05263157894736842
進学,0.0,0.05555555555555555
専修科,0.0,0.0
演習,0.0,0.0
補習,0.0,0.0
産婆,0.0,0.0
講習所,0.0,0.0
与一郎,0.0,0.0
嘱託,0.0,0.0
黴毒,0.0,0.0
火葬場,0.0,0.0
現世,0.0,0.0
看護婦,0.0,0.0
慰霊祭,0.0,0.0
戦没者,0.0,0.0
日蓮宗,0.0,0.0
クリスマス,0.0,0.0
基督,0.0,0.0
教義,0.0,0.0
信教,0.0,0.0
邪宗,0.0,0.0
イベント,0.0,0.0
検疫,0.0,0.0
死亡者,0.0,0.0
検疫所,0.0,0.0
縦覧,0.0,0.0
被災,0.0,0.9166666666666666
洗濯機,0.0,0.043478260869565216
入場者,0.0,0.0
開場,0.0,0.1111111111111111
慈恵,0.0,0.0
常次郎,0.0,0.0
制作,0.0,0.0
二業,0.0,0.0
宛て,0.0,0.0
人身,0.0,0.0
解放,0.0,0.14285714285714285
髪結い,0.0,0.16666666666666666
梅川,0.0,0.0
遊里,0.0,0.0
公娼,0.0,0.16666666666666666
引手,0.0,0.0
苦難,0.0,0.10795454545454546
良作,0.0,0.16666666666666666
大教,0.0,0.0
中教,0.0,0.0
講習会,0.0,0.0
廃刊,0.0,0.0
機関誌,0.0,0.0
休刊,0.0,0.0
定例会,0.0,0.0
会誌,0.0,0.0
常会,0.0,0.0
編集,0.0,0.0
分会,0.0,0.0
岡野,0.0,0.0
副会長,0.0,0.125
退学,0.0,0.0
師範,0.0,0.0
高等,0.0,0.4276315789473684
現役,0.0,0.0
卒業者,0.0,0.0
会場,0.0,0.09090909090909091
例会,0.0,0.0
習合,0.0,0.0
神道,0.0,0.0
教院,0.0,0.0
兼題,0.0,0.0
祭典,0.0,0.07692307692307693
社格,0.0,0.0
競馬,0.0,0.1111111111111111
計画書,0.0,0.0
エネルギー,0.0,0.0
実践,0.0,0.0
教団,0.0,0.0
本寺,0.0,0.0
檀家,0.0,0.0
取り調べ,0.0,0.0
教部,0.0,0.0
営み,0.0,0.0
宗教界,0.0,0.0
正覚,0.0,0.0
宗教史,0.0,0.0
センター,0.0,0.047619047619047616
就学,0.0,0.0
声明,0.0,0.2
カフェー,0.0,1.0
労使,0.0,0.0
交誼,0.0,0.0
市議会,0.0,0.0
会館,0.0,0.5
キング,0.0,0.0
ウィルソン,0.0,0.0
チーム,0.0,0.0
共産党,0.0,0.0
管制,0.0,0.0
全協,0.0,0.5
メーデー,0.0,0.0
車掌,0.0,0.0
ガール,0.0,0.0
小作,0.0,0.0
解雇,0.0,0.19642857142857142
国民学校,0.0,0.125
スローガン,0.0,0.14285714285714285
高女,0.0,0.0
左翼,0.0,0.25
焼却炉,0.0,0.0
総司令,0.0,0.0
航空,0.0,0.041666666666666664
分所,0.0,0.0
事業場,0.0,0.16666666666666666
外地,0.0,0.0
計理,0.0,0.0
疎開,0.0,0.0
新党,0.0,0.5
学童,0.0,0.0
労務,0.0,0.125
戦災,0.0,0.5833333333333333
俘虜,0.0,0.0
日水,0.0,0.0
GHQ,0.0,0.3611111111111111
警防団,0.0,0.0
策定,0.0,0.0
水揚げ,0.0,0.0
女医,0.0,0.0
矯風,0.0,0.14285714285714285
地崎,0.0,0.0
洋画家,0.0,0.0
遺族,0.0,0.0
カリキュラム,0.0,0.0
北條,0.0,0.0
同展,0.0,0.0
画会,0.0,0.0
翼賛,0.0,0.0
油彩,0.0,0.0
合唱団,0.0,0.0
軍国主義,0.0,0.5
入選,0.0,0.0
ピアノ,0.0,0.0
音楽家,0.0,0.0
演奏会,0.0,0.0
アポロ,0.0,0.0
オーケストラ,0.0,0.0
マンドリン,0.0,0.0
個展,0.0,0.0
二科展,0.0,0.0
美術館,0.0,0.0
壊滅,0.0,0.2095238095238095
タイ,0.0,0.5285714285714286
朝刊,0.0,0.16666666666666666
朝夕刊,0.0,0.0
カメラ,0.0,0.0
写真展,0.0,0.0
印画,0.0,0.0
秘密,0.0,0.0
アマチュア,0.0,0.0
思い出,0.0,0.2
邸宅,0.0,0.0
芥川,0.0,0.0
特高,0.0,0.0
桐田,0.0,0.0
赤光,0.0,0.0
寅一,0.0,0.0
池谷,0.0,0.0
盗難,0.0,0.5
民謡,0.0,0.0
ポツダム,0.0,0.0
マッカーサー,0.0,0.0
マンション,0.0,0.05263157894736842
公害,0.0,0.0
マイカー,0.0,0.0
周遊,0.0,0.0
NHK,0.0,0.0
競輪,0.0,0.0
入居,0.0,0.056239737274220034
ソフト,0.0,0.0
テクノポリス,0.0,0.0
受賞者,0.0,0.0
自衛隊,0.0,0.5
アンケート,0.0,0.0
国立大学,0.0,0.0
新制大学,0.0,0.0
教育長,0.0,0.0
教委,0.0,0.0
まちづくり,0.0,0.045454545454545456
高校,0.0,0.5
電化,0.0,0.1111111111111111
量販店,0.0,0.2111111111111111
ダンサー,0.0,0.0
ダンス,0.0,0.0
ダンスホール,0.0,0.0
ロケ,0.0,0.1111111111111111
公民館,0.0,0.0
勤評,0.0,0.0
騒音,0.0,0.0
ダルマ,0.0,0.0
プロパンガス,0.0,0.058823529411764705
特急,0.0,0.16666666666666666
東日本フェリー,0.0,0.0
歩道,0.0,0.0
モータリゼーション,0.0,0.18333333333333335
朝市,0.0,0.10131332082551595
スーパー,0.0,0.5547619047619048
ご飯,0.0,0.07142857142857142
灯油,0.0,0.00423728813559322
PTA,0.0,0.0
新制,0.0,0.0
学習指導,0.0,0.0
さきイカ,0.0,0.0
燻製,0.0,0.0
珍味,0.0,0.0
宗藤,0.0,0.0
イカ釣り,0.0,0.005555555555555556
スルメイカ,0.0,0.0
住宅難,0.0,0.0
濡れ,0.0,0.0
カイリ,0.0,0.0
小作地,0.0,0.0
学校教育法,0.0,0.0
幣原,0.0,0.0
縁故者,0.0,0.0
DDT,0.0,0.0
七七,0.0,0.0
軍団,0.0,0.0
就職者,0.0,0.0
聞き取り,0.0,0.0030959752321981426
テレビ,0.0,0.14814814814814814
煙突,0.0,0.2
CIE,0.0,0.0
共学,0.0,0.0
市民税,0.0,0.0
単産,0.0,0.0
教組,0.0,0.0
長期欠席,0.0,0.0
カツギ,0.0,0.642156862745098
関連企業,0.0,0.0
臨時工,0.0,0.0
漁連,0.0,0.0
水産庁,0.0,0.0
生イカ,0.0,0.0
海区,0.0,0.0
漁協,0.0,0.0
ニーズ,0.0,0.0
保守,0.0,0.0
接収,0.0,0.25
連合国軍,0.0,0.0
片平,0.0,0.0
用紙,0.0,0.0
戦局,0.0,0.16666666666666666
ウォーターフロント,0.0,0.0
ソビエト,0.0,0.0
独航船,0.0,0.0
機帆船,0.0,0.25
オイル,0.0,0.1111111111111111
栄養,0.0,0.2
日ソ,0.0,0.2
機械化,0.0,0.0
刑務所,0.0,0.5
旭川市,0.0,0.0
水揚,0.0,0.0
都道府県,0.0,0.0
支所,0.0,0.0
イカ漁,0.0,0.0
震災,0.0,0.14285714285714285
感想,0.0,0.0
冷蔵庫,0.0,0.043478260869565216
北海道銀行,0.0,0.1111111111111111
季節性,0.0,0.0
西埠頭,0.0,0.0
乗用車,0.0,0.17989417989417988
売店,0.0,0.46428571428571425
ホーム,0.0,0.07514124293785311
ターミナル,0.0,0.0
支局,0.0,0.5
戦中,0.0,0.0
相変わらず,0.0,0.058823529411764705
工業地帯,0.0,0.0
イワシ,0.0,0.0
スルメ,0.0,0.07142857142857142
列車,0.0,1.0769230769230769
サラリーマン,0.0,0.0
慰安,0.0,0.0
保線,0.0,0.0
丸型,0.0,0.0036231884057971015
食堂,0.0,0.3333333333333333
日通,0.0,0.010101010101010102
預金高,0.0,0.25
武内,0.0,0.0
油脂,0.0,0.0
日産,0.0,0.0
漁業協同組合,0.0,0.0
更生,0.0,0.25
共販,0.0,0.0
母船,0.0,0.07692307692307693
中小企業,0.0,0.03571428571428571
大連,0.0,0.0
小売商,0.0,0.0
夕刊,0.0,0.0
防護,0.0,0.0
空襲,0.0,0.1
米軍,0.0,0.25
動員,0.0,0.8409090909090909
ソ連,0.0,0.5833333333333333
防空,0.0,0.0
センチ,0.0,0.0
化学工業,0.0,0.0
定置,0.0,0.3333333333333333
百貨店,0.0,0.6666666666666666
大震災,0.0,0.14285714285714285
イカ,0.0,0.4103174603174603
蟹工船,0.0,0.0
工船,0.0,0.3333333333333333
重油,0.0,0.0
発動機,0.0,0.058823529411764705
経済圏,0.0,0.0
外米,0.0,0.0
排日,0.0,0.14285714285714285
忠雄,0.0,0.0
幸次郎,0.0,0.0
オキ,0.0,0.0
惣菜,0.0,0.0
商材,0.0,0.0
要綱,0.0,0.0
化学,0.0,0.0
公設市場,0.0,0.0
廉売,0.0,0.00390625
メーカー,0.0,0.041666666666666664
駐車場,0.0,0.14646464646464646
飛行場,0.0,0.0
飛行機,0.0,0.11781609195402298
救護,0.0,0.0
家計,0.0,0.0
ゾーン,0.0,0.0
トラピスト,0.0,0.0
霊友,0.0,0.0
新宗教,0.0,0.0
教派,0.0,0.0
飲食店,0.0,0.5
御嶽,0.0,0.0
金光教,0.0,0.0
氏子,0.0,0.0
共愛,0.0,0.5
慰霊堂,0.0,0.0
タイムス,0.0,0.0
婦人会,0.0,0.0
演奏,0.0,0.5
天理教,0.0,0.0
撒布,0.0,0.0
厚生,0.0,0.0
後援会,0.0,0.0
安保,0.0,0.5
口語,0.0,0.0
砂山,0.0,0.0
歌誌,0.0,0.0
中学生,0.0,0.0
北海道開発,0.0,0.0
歌集,0.0,0.0
苜蓿,0.0,0.0
郁雨,0.0,0.0
短歌,0.0,0.0
歌壇,0.0,0.0
コンクール,0.0,0.0
母子,0.0,0.043478260869565216
作家,0.0,0.0
市営住宅,0.0,0.009345794392523364
求職者,0.0,0.0
求人,0.0,0.0
鑑賞,0.0,0.0
鶴本,0.0,0.0
警官,0.0,0.14285714285714285
観客,0.0,0.5
音楽会,0.0,0.1111111111111111
義捐,0.0,0.0
芸術,0.0,0.0
デモクラシー,0.0,0.0
亡命,0.0,0.25
減船,0.0,0.0
公海,0.0,0.0
国語,0.0,0.0
合同会社,0.0,0.0
大使館,0.0,0.0
リューリ,0.0,0.0
日本軍,0.0,0.0
電停,0.0,0.3333333333333333
ダイヤ,0.0,0.06666666666666667
協同組合,0.0,0.0
円山,0.0,0.0
アコ,0.0,0.0
青少年,0.0,0.0
青年団,0.0,0.0
審議会,0.0,0.0
亊蜥,0.0,0.0
書画,0.0,0.0
売場,0.0,0.125
クラブ,0.0,0.5
レコード,0.0,0.0
港まつり,0.0,0.11781609195402298
人気,0.0,0.1611111111111111
放送,0.0,0.09090909090909091
主婦,0.0,0.24347826086956523
ライオン,0.0,0.0
音楽,0.0,0.6111111111111112
女給,0.0,0.25
ポスター,0.0,0.0
娯楽,0.0,0.43333333333333335
総動員,0.0,0.0
給食,0.0,0.0
財団法人,0.0,0.0
公演,0.0,0.25
協調,0.0,0.0
廃校,0.0,0.0
分校,0.0,0.0
氷室,0.0,0.0
貨物船,0.0,0.0
専用船,0.0,0.0
通船,0.0,0.0
本間,0.0,0.0
労組,0.0,1.0434782608695652
実徳,0.0,0.0
廃業,0.0,0.6130952380952381
園田,0.0,0.0
主導権,0.0,0.0
積出,0.0,0.0
岩見沢,0.0,0.0
北炭,0.0,0.0
幌内,0.0,0.0
運漕,0.0,0.0
栗林,0.0,0.0
社内,0.0,0.0
市造,0.0,0.0
データ,0.0,0.10304878048780489
海運業,0.0,0.0
後援,0.0,0.0
買収,0.0,0.8742424242424244
不定期,0.0,0.0
兌換,0.0,0.0
紙幣,0.0,0.0
正貨,0.0,0.0
規約,0.0,0.0
倉庫業,0.0,0.0
ラッコ,0.0,0.0
直輸,0.0,0.0
雇い,0.0,0.0
上屋,0.0,0.0
直輸入,0.0,0.0
保税,0.0,0.0
金融機関,0.0,0.25
臨港,0.0,0.5
台湾,0.0,0.1111111111111111
荷馬,0.0,0.0
艀船,0.0,0.0
ステベ,0.0,0.0
植民地,0.0,0.8333333333333333
占領,0.0,0.24761904761904763
木造,0.0,0.25
臨海,0.0,0.0
保管,0.0,0.05
岸壁,0.0,0.2
達成,0.0,0.2
日清,0.0,0.0
実業家,0.0,0.0
平塚,0.0,0.0
資本家,0.0,0.0
桟橋,0.0,0.3111111111111111
経常,0.0,0.16666666666666666
小樽港,0.0,0.0
女学校,0.0,0.15561561561561563
遺愛,0.0,0.0
大口,0.0,0.0
家内,0.0,0.5
運送業,0.0,0.2
請負業,0.0,0.0
専属,0.0,0.0
日本郵船,0.0,0.0
炭鉱,0.0,0.0
激増,0.0,0.07692307692307693
所以,0.0,0.0
卒業,0.0,0.5
肥田,0.0,0.0
埠頭,0.0,0.0
入場,0.0,0.08333333333333333
荷役,0.0,0.0
接岸,0.0,0.0
トンクラス,0.0,0.0
年鑑,0.0,0.0
久保,0.0,0.058823529411764705
経済界,0.0,0.5
全額,0.0,0.0
労力,0.0,0.0
孝平,0.0,0.08333333333333333
寄付,0.0,0.25
自社,0.0,0.0
担保,0.0,0.0
自作,0.0,0.0
監査役,0.0,0.08333333333333333
委員長,0.0,0.0
現れ,0.0,0.11145510835913312
信徒,0.0,0.0
支援,0.0,0.8055555555555556
恐慌,0.0,0.0
栄一,0.0,0.0
コース,0.0,0.5
危機,0.0,0.5079365079365079
防衛,0.0,0.4
道外,0.0,0.0
ブーム,0.0,0.3333333333333333
貨客,0.0,0.0
川崎,0.0,0.0
トンネル,0.0,0.06666666666666667
比羅夫,0.0,0.25
私設,0.0,0.2
支店長,0.0,0.0
民主化,0.0,0.0
身欠,0.0,0.0
用品,0.0,0.288034188034188
農産,0.0,0.0
工産,0.0,0.0
つい,0.0,2.151245269405647
管外,0.0,0.0
商圏,0.0,0.05263157894736842
占領軍,0.0,0.2
商業都市,0.0,0.0
待望,0.0,0.0
船入,0.0,0.0
歩み,0.0,0.8935406698564593
周年,0.0,0.0
分業,0.0,0.0
日給,0.0,0.0
管理者,0.0,0.0
新鋭,0.0,0.0
近衛,0.0,0.0
人力車,0.0,0.3333333333333333
事業所,0.0,0.0
兼業,0.0,0.0
ハウル,0.0,0.0
鉄道会社,0.0,0.0
躍進,0.0,0.0
孫左衛門,0.0,0.058823529411764705
西出,0.0,0.058823529411764705
矢越,0.0,0.0
日下部,0.0,0.0
連合会,0.0,0.05263157894736842
大同,0.0,0.0
同法,0.0,0.0
伏木,0.0,0.14285714285714285
四日市,0.0,0.0
シンボル,0.0,0.07142857142857142
助成,0.0,0.0
当たり,0.0,0.01282051282051282
団結,0.0,0.0
坂井,0.0,0.125
在籍,0.0,0.0
業界,0.0,0.7416666666666667
両社,0.0,0.0
社名,0.0,0.6
顔ぶれ,0.0,0.0
副社長,0.0,0.0
年度末,0.0,0.0
動力,0.0,0.43333333333333335
合理化,0.0,0.1111111111111111
輸送力,0.0,0.0
理想,0.0,0.0
人権,0.0,0.0
通運,0.0,0.008620689655172414
官公,0.0,0.0
保険,0.0,0.19642857142857142
食品,0.0,0.0
農産物,0.0,0.0
電話,0.0,0.09090909090909091
貨車,0.0,0.25
在庫,0.0,0.0
理事,0.0,0.22916666666666666
函樽,0.0,0.0
イメージ,0.0,0.2
文之助,0.0,0.0
小川,0.0,0.25
評議員,0.0,0.0
板垣,0.0,0.0
上嶋,0.0,0.0
精一,0.0,0.0
佐瀬,0.0,0.0
当選,0.0,0.0
平出,0.0,0.058823529411764705
衆議院,0.0,0.0
納税者,0.0,0.0
貴族,0.0,0.0
沖縄,0.0,0.0
衆議院議員,0.0,0.0
発布,0.0,0.0
帝国,0.0,0.058823529411764705
代議士,0.0,0.0
道民,0.0,0.0
旅館,0.0,0.6111111111111112
総会,0.0,0.2857142857142857
義務,0.0,0.0
区制,0.0,0.0
無産,0.0,0.5
道会議員,0.0,0.0
中頃,0.0,0.1
対象者,0.0,0.0
弁護士,0.0,0.0
清治郎,0.0,0.0
参加者,0.0,0.0
民主,0.0,0.0
組織的,0.0,0.0
テーマ,0.0,0.0
振興会,0.0,0.05555555555555555
栄吉,0.0,0.058823529411764705
吉平,0.0,0.0
評議会,0.0,0.0
機能性,0.0,0.0
署長,0.0,1.2222222222222223
部内,0.0,0.0
上川,0.0,0.0
懇親会,0.0,0.0
届け,0.0,0.047619047619047616
懇談会,0.0,0.0
栄太郎,0.0,0.0
小橋,0.0,0.0
党員,0.0,0.0
哲平,0.0,0.125
和田,0.0,0.3333333333333333
駒吉,0.0,0.0
内閣,0.0,0.0625
本部,0.0,0.23333333333333334
自由党,0.0,0.0
政党,0.0,0.16666666666666666
罰金,0.0,0.0
友人,0.0,0.0
新聞社,0.0,0.6
管理局,0.0,0.0
本社,0.0,0.25757575757575757
支社,0.0,0.1575757575757576
紙上,0.0,0.0
龍岡,0.0,0.0
拓殖,0.0,0.0
殖民,0.0,0.5
年俸,0.0,0.0
悦郎,0.0,0.0
高級,0.0,0.17777777777777776
彦七,0.0,0.0
二木,0.0,0.0
県知事,0.0,0.0
宮崎,0.0,0.0
理事官,0.0,0.0
実業,0.0,0.25
近代的,0.0,0.0
節減,0.0,0.04
立憲,0.0,0.0
江湖,0.0,0.0
中心人物,0.0,0.0
省令,0.0,0.0
担い手,0.0,0.25
常設,0.0,0.25
助役,0.0,0.0
同紙,0.0,0.058823529411764705
選択,0.0,0.0
紙面,0.0,0.0
改修,0.0,0.3333333333333333
防波堤,0.0,0.0
防砂,0.0,0.0
浚渫,0.0,0.0
転換,0.0,0.22989417989417987
女紅,0.0,0.0
彦作,0.0,0.058823529411764705
遅れ,0.0,0.0
再興,0.0,0.0
賃金,0.0,0.46785714285714286
高騰,0.0,0.14285714285714285
罹災,0.0,0.5
三菱,0.0,0.0
塵芥,0.0,0.0
番目,0.0,0.0
打開,0.0,0.0
公債,0.0,0.0
動態,0.0,0.0
下水道,0.0,0.0
悪化,0.0,0.03571428571428571
消毒,0.0,0.0
前年度,0.0,0.0
毎週,0.0,0.0
清掃,0.0,0.0
給水,0.0,0.0
一翼,0.0,0.0
家事,0.0,0.003787878787878788
商工,0.0,0.9095238095238094
国策,0.0,0.0
国庫,0.0,0.0
答申,0.0,0.10096153846153846
取り組み,0.0,0.0
国庫補助,0.0,0.0
公営,0.0,0.0
洋物,0.0,0.0
船具,0.0,0.16666666666666666
接続,0.0,1.0
ウラジオストク,0.0,0.0
日雇,0.0,0.0
既存,0.0,0.4583333333333333
代替,0.0,0.0
築出,0.0,0.0
上水,0.0,0.0
跡地,0.0,0.0
劇場,0.0,0.5
業種別,0.0,0.0
同省,0.0,0.0
北守,0.0,0.0
候補者,0.0,0.0
区政,0.0,0.0
加入,0.0,0.5434782608695652
選挙権,0.0,0.0
市会,0.0,0.25
収入役,0.0,0.0
政直,0.0,0.0
主旨,0.0,0.0
件数,0.0,0.16666666666666666
公職,0.0,0.0
耐火,0.0,0.0
売り,0.0,0.8035384904950122
所得税,0.0,0.0
経営者,0.0,0.5
繁昌,0.0,0.25
三井物産,0.0,0.0
所得額,0.0,0.0
交通機関,0.0,0.25
東浜町,0.0,0.0
台町,0.0,0.3333333333333333
西川町,0.0,1.0
米穀,0.0,0.0
金物,0.0,0.0037313432835820895
汐見町,0.0,0.5
時価,0.0,0.0
資産家,0.0,0.0
真砂町,0.0,0.3333333333333333
防火,0.0,0.25
学力,0.0,0.0
改組,0.0,0.5
漁業者,0.0,0.005555555555555556
延期,0.0,0.0
官憲,0.0,0.0625
日銀,0.0,0.0
体験,0.0,0.0
発注,0.0,0.0
行軍,0.0,0.0
利益率,0.0,0.43333333333333335
工程,0.0,0.0
調査会,0.0,0.0
魚商,0.0,0.0
遭難,0.0,0.0
横ばい,0.0,0.0
広谷,0.0,0.07692307692307693
運び,0.0,0.07142857142857142
笹野,0.0,0.058823529411764705
中堅,0.0,0.0
従事者,0.0,0.0
大家,0.0,0.009259259259259259
不備,0.0,0.2
金貸,0.0,0.0
矢野,0.0,0.047619047619047616
適格,0.0,0.0
参入,0.0,0.16666666666666669
組織変更,0.0,0.0
講演,0.0,0.07692307692307693
倶楽部,0.0,0.0
転機,0.0,0.5
百四十九,0.0,0.0
開店,0.0,0.5357142857142857
受渡,0.0,0.0
タイプ,0.0,0.0
両行,0.0,0.3333333333333333
反動,0.0,0.0
百十九,0.0,0.0
島原,0.0,0.0
金融界,0.0,0.2
同業者,0.0,0.33716475095785436
依存,0.0,0.0
なかば,0.0,0.0
綿糸,0.0,0.1
短縮,0.0,0.1575757575757576
獲得,0.0,0.5
周り,0.0,0.00980392156862745
傘下,0.0,0.1
川田,0.0,0.0
岩崎,0.0,0.0
授業,0.0,0.0
社屋,0.0,0.5
受容,0.0,0.0
夜学,0.0,0.0
受注,0.0,0.16666666666666666
船籍,0.0,0.0
他社,0.0,0.0
下期,0.0,0.0
村井,0.0,0.0
保有,0.0,0.0
永野,0.0,0.0
預金,0.0,0.25
値上げ,0.0,0.25
各紙,0.0,0.0
社外,0.0,0.0
門司,0.0,0.0
波及,0.0,0.0
地元紙,0.0,0.0
経費節減,0.0,0.04
中型,0.0,0.0
配船,0.0,0.0
事変,0.0,0.06666666666666667
徴用,0.0,0.0
開戦,0.0,0.0
和解,0.0,0.0
激化,0.0,0.05263157894736842
学校長,0.0,0.0
戦時下,0.0,1.0909090909090908
大倉,0.0,0.0
各社,0.0,0.125
保護者,0.0,0.0
出資金,0.0,0.0625
顧客,0.0,0.5
雰囲気,0.0,0.5084485407066052
製革,0.0,0.5
解禁,0.0,0.0
塩辛,0.0,0.0
定置網,0.0,0.0
生鮮,0.0,1.3269230769230769
漁業権,0.0,0.0
漁業法,0.0,0.0
日本水産,0.0,0.0
優先,0.0,0.09090909090909091
準則,0.0,0.08333333333333333
桧山,0.0,0.0
釣漁,0.0,0.0
烏賊,0.0,0.0
漁村,0.0,0.25
水力,0.0,0.0
発電,0.0,0.3333333333333333
電灯,0.0,0.6428571428571428
延縄,0.0,0.0
富永,0.0,0.0
漁区,0.0,0.0
初旬,0.0,0.0
銃手,0.0,0.0
西海,0.0,0.0
川端,0.0,0.0
奨励金,0.0,0.0
遠洋,0.0,0.0
保証金,0.0,0.0
猟場,0.0,0.0
デンビー,0.0,0.16666666666666666
借区,0.0,0.0
北区,0.0,0.0
オゼルナヤ,0.0,0.0
水域,0.0,0.0
鮭缶,0.0,0.0
ニコラエフスク,0.0,0.0
漁撈,0.0,0.0
豆粕,0.0,0.0
密漁,0.0,0.0
猟獲,0.0,0.0
支部,0.0,1.1458333333333333
販売先,0.0,0.0
売り上げ,0.0,0.0
医療,0.0,0.0
採氷,0.0,0.0
ボストン,0.0,0.0
工員,0.0,0.2
復旧,0.0,0.5
トムソン,0.0,0.0
徳太郎,0.0,0.0
再開,0.0,0.3626373626373626
建築物,0.0,0.0
原材料,0.0,0.0
玉林,0.0,0.0
本所,0.0,0.0
夫妻,0.0,0.0
修業,0.0,0.0
ウェルブ,0.0,0.0
官立,0.0,0.0
人造,0.0,0.0
宣伝,0.0,0.3666666666666667
医員,0.0,0.0
末富,0.0,0.125
常務,0.0,0.125
吉太,0.0,0.0
スコット,0.0,0.0
精米,0.0,0.0
康太郎,0.0,0.41025641025641024
会長,0.0,0.5178571428571428
値上がり,0.0,0.0
従業員,0.0,0.6194444444444445
同意,0.0,0.047619047619047616
船台,0.0,0.0
製作所,0.0,0.5
有江,0.0,0.16666666666666666
鉄工業,0.0,0.24358974358974358
売上高,0.0,0.46111111111111114
酒造,0.0,0.0
ゆえ,0.0,0.0
製網,0.0,0.5
割引,0.0,0.0
繁忙期,0.0,0.0
隔日,0.0,0.0
先駆け,0.0,0.3611111111111111
買魚,0.0,0.0
民衆,0.0,0.2
買い付け,0.0,0.0
輸出港,0.0,0.0
全て,0.0,0.0
ケル,0.0,0.0
既成,0.0,0.0
忠谷,0.0,0.0
販売業,0.0,0.0
缶詰,0.0,0.25
橋谷,0.0,0.0
合名会社,0.0,0.25
善次郎,0.0,0.0
太刀川,0.0,0.25
忠蔵,0.0,0.0
財閥,0.0,0.0
稚内,0.0,0.0
デント,0.0,0.25
証言,0.0,0.0
笠野,0.0,0.0
大使,0.0,0.0
経験者,0.0,0.043478260869565216
繰り,0.0,0.7588235294117647
値下げ,0.0,0.1
所轄,0.0,0.0
浙江省,0.0,0.0
ホール,0.0,0.0
華僑,0.0,0.0
登録,0.0,0.0
さい,0.0,0.125
対価,0.0,0.0
出身地,0.0,0.5
申し入れ,0.0,0.0
撤退,0.0,0.0
倒産,0.0,0.0
暫定,0.0,0.0
公報,0.0,0.5
灯火,0.0,0.2
和洋,0.0,0.0
同業,0.0,0.33716475095785436
博覧会,0.0,0.2857142857142857
満場一致,0.0,0.0
困窮,0.0,0.0
商況,0.0,0.0
公益,0.0,0.0
荷造,0.0,0.0
打破,0.0,0.5
深刻化,0.0,0.0
日本銀行,0.0,0.024390243902439025
インフレ,0.0,0.75
ちかく,0.0,0.0
万平,0.0,0.08333333333333333
鹿島,0.0,0.0
安達,0.0,0.0
取得,0.0,0.07692307692307693
不景気,0.0,0.0
取引所,0.0,0.0
特約,0.0,0.047619047619047616
株主,0.0,0.3333333333333333
軸木,0.0,0.0
マッチ,0.0,0.0
出漁,0.0,0.5769230769230769
誘致,0.0,0.14285714285714285
国内市場,0.0,0.0
露領,0.0,0.8333333333333333
船腹,0.0,0.0
売上,0.0,0.6400810979413599
景気,0.0,0.0
好景気,0.0,0.0
市況,0.0,0.0
再生,0.0,0.0
農工,0.0,0.0
代理店,0.0,0.05263157894736842
等々,0.0,0.08333333333333333
大株主,0.0,0.0
筆頭,0.0,0.25
直通,0.0,0.1111111111111111
洋行,0.0,0.0
取り扱い,0.0,0.0
新報,0.0,0.0
初年度,0.0,0.0
監事,0.0,0.0
理事長,0.0,0.0625
上場,0.0,0.0
労務者,0.0,0.125
プロ,0.0,0.058823529411764705
サガレン,0.0,0.0
暴落,0.0,0.1
小口,0.0,0.0
協議会,0.0,0.7605861244019139
営業税,0.0,0.0
あい,0.0,0.2011494252873563
審査,0.0,0.0
会費,0.0,0.0
事務員,0.0,0.0
昇格,0.0,0.0
資格者,0.0,0.0
痛手,0.0,0.0
引き金,0.0,0.0
活性化,0.0,0.0
スクーナー,0.0,0.0
黒字,0.0,0.0
海員,0.0,0.0
平民,0.0,0.0
弘明,0.0,0.0
拡充,0.0,0.0
矯龍,0.0,0.0
庚午,0.0,0.0
船体,0.0,0.0
老朽化,0.0,0.0
定期便,0.0,0.05555555555555555
輸送量,0.0,0.0
上段,0.0,0.003676470588235294
最多,0.0,0.0
馬力,0.0,0.3333333333333333
物流,0.0,0.0
主流,0.0,0.0
申請書,0.0,0.0
定住,0.0,0.0
支持,0.0,0.03571428571428571
同会,0.0,0.0
塩蔵,0.0,0.0
産商,0.0,0.0
師範学校,0.0,0.0
風潮,0.0,0.0
圧迫,0.0,0.0
回収,0.0,0.0
赤字,0.0,0.6666666666666666
会頭,0.0,0.06666666666666667
喪失,0.0,0.09090909090909091
店員,0.0,0.0
入社,0.0,0.0
純益,0.0,0.25
貸出,0.0,0.0
システム,0.0,0.0
国産,0.0,0.0
機運,0.0,0.0
縮小,0.0,0.21270396270396272
視察団,0.0,0.0
合意,0.0,0.0
組織化,0.0,0.07692307692307693
閲覧,0.0,0.0
先頭,0.0,0.0
債権者,0.0,0.0
済み,0.0,0.0
解消,0.0,0.0
増資,0.0,0.0
辞任,0.0,0.0
債務,0.0,0.058823529411764705
期間中,0.0,0.0
借入金,0.0,0.0
払込,0.0,0.3333333333333333
益金,0.0,0.0
表面化,0.0,0.1111111111111111
株主総会,0.0,0.14285714285714285
契約書,0.0,0.0
借入,0.0,0.0
リスク,0.0,0.0
祝辞,0.0,0.0
安全,0.0,0.125
艦長,0.0,0.0
船大工,0.0,0.14285714285714285
機会,0.0,0.5769230769230769
注文,0.0,0.39444444444444443
官舎,0.0,0.0
技術者,0.0,0.0
測量,0.0,0.0
設置,0.0,1.3409090909090908
出仕,0.0,0.0
結論,0.0,0.5384615384615384
ケプロン,0.0,0.0
団長,0.0,0.0
顧問,0.0,0.25
開拓使,0.0,0.0
最低,0.0,0.17424242424242425
書簡,0.0,0.0
本国,0.0,0.05555555555555555
国家,0.0,0.5833333333333334
担当,0.0,0.2474025974025974
気象台,0.0,0.08333333333333333
検定,0.0,0.0
種目,0.0,0.0
回数,0.0,0.0
規程,0.0,0.0
所属,0.0,1.2337662337662336
自国,0.0,0.0
開国,0.0,0.0
諸外国,0.0,0.0
伝道,0.0,0.0
構内,0.0,0.9916666666666667
沿革,0.0,0.0
基礎,0.0,0.003076923076923077
海洋,0.0,0.08333333333333333
間違い,0.0,0.0625
実際,0.0,0.6177767186941499
創設,0.0,0.0
付き,0.0,0.0
内務,0.0,0.0
項目,0.0,0.12808641975308643
成果,0.0,0.0
慶応,0.0,0.2
測器,0.0,0.0
自宅,0.0,0.004651162790697674
アルブレヒト,0.0,0.0
ロシア人,0.0,0.25
商人,0.0,1.0833333333333333
宣教師,0.0,0.0
医師,0.0,0.0
船員,0.0,0.0
使節,0.0,0.0
入港,0.0,0.3333333333333333
外国,0.0,0.09090909090909091
下田,0.0,0.0
条約,0.0,0.375
神奈川,0.0,0.0
安政,0.0,0.25
文献,0.0,0.0
天保,0.0,0.0
毎日,0.0,0.7764069264069264
長崎,0.0,0.5837742504409171
日数,0.0,0.0
元治,0.0,0.0
開港,0.0,0.0
貿易,0.0,0.14285714285714285
対露,0.0,0.16666666666666666
空白,0.0,0.0
日記,0.0,0.0
気圧,0.0,0.0
公務,0.0,0.005494505494505495
村垣,0.0,0.0
奉行,0.0,0.0
地震,0.0,0.008403361344537815
気温,0.0,0.08333333333333333
奉行所,0.0,0.0
直轄,0.0,0.0
感じ,0.0,0.6538302277432712
淡路,0.0,0.0
以来,0.0,1.579591385625868
船場町,0.0,0.0
火災,0.0,0.6
北側,0.0,0.0
前線,0.0,0.0
路上,0.0,0.8666666666666667
馬車,0.0,0.1588235294117647
主力,0.0,0.0
手段,0.0,0.4
運搬,0.0,0.25
配置,0.0,0.5
季節,0.0,0.0
一時,0.0,0.27976190476190477
当地,0.0,0.0
低気圧,0.0,0.0
下旬,0.0,0.07692307692307693
帯広,0.0,0.0
オホーツク,0.0,0.0
到来,0.0,0.0
凶作,0.0,0.20168067226890757
か月,0.0,0.6756756756756757
勢力,0.0,0.55
規定,0.0,0.0
統計,0.0,1.2569444444444444
とき,0.0,0.6213675213675214
本格的,0.0,0.09593421653723161
後半,0.0,1.4444444444444444
前半,0.0,0.0
浦河,0.0,0.0
補給,0.0,0.0
天候,0.0,0.07692307692307693
奥羽,0.0,0.0
日中,0.0,0.19812091503267973
注意,0.0,0.5
台風,0.0,0.06283959366879281
比較,0.0,0.25
勇払,0.0,0.0
近海,0.0,0.0
暴風,0.0,0.0
カナダ,0.0,0.0
類似,0.0,0.0
経過,0.0,0.047619047619047616
正午,0.0,0.07392473118279569
詰所,0.0,0.0
発生,0.0,0.8620786516853933
たび,0.0,0.0
地上,0.0,0.0
近代化,0.0,0.03125
ビル,0.0,0.047619047619047616
大砲,0.0,0.0
高層,0.0,0.05263157894736842
都市化,0.0,0.0
様子,0.0,0.9348901098901099
全部,0.0,0.0
取付,0.0,0.05263157894736842
官有地,0.0,0.0
庁舎,0.0,0.125
事務所,0.0,0.25757575757575757
昼夜,0.0,0.0
文明,0.0,0.1111111111111111
放送局,0.0,0.047619047619047616
役所,0.0,1.4439955821757784
降水量,0.0,0.0
太平洋,0.0,0.0
夏季,0.0,0.0
季節風,0.0,0.0
冬季,0.0,0.09090909090909091
遠征,0.0,0.0
提督,0.0,0.0
ラジオ,0.0,0.06666666666666667
艦隊,0.0,0.3333333333333333
特性,0.0,0.0
臼尻,0.0,0.0
山越,0.0,0.0
瀬棚,0.0,0.0
福島,0.0,0.0625
福山,0.0,0.0
委託,0.0,0.0
ペリー,0.0,0.0
数値,0.0,0.125
鎖国,0.0,0.0
知識,0.0,0.5
造成,0.0,0.41025641025641024
拡張,0.0,0.25
使用,0.0,0.40898159311952414
貧困,0.0,0.0
農地,0.0,0.0
海流,0.0,0.0
様式,0.0,0.0
外洋,0.0,0.0
一段,0.0,0.0
新旧,0.0,0.0
山脈,0.0,0.0
指定,0.0,1.2
事情,0.0,0.18596491228070175
特質,0.0,0.0
背景,0.0,0.25
郊外,0.0,0.40211452384627255
激減,0.0,0.2361111111111111
拍車,0.0,0.0
終戦,0.0,0.16666666666666666
米国,0.0,0.02702702702702703
標本,0.0,0.0
趣味,0.0,0.5
かたわら,0.0,0.0
商船,0.0,0.1111111111111111
滞在,0.0,0.0
文久,0.0,0.0
現代,0.0,0.0
貿易商,0.0,0.0
砲兵,0.0,0.0
陸軍,0.0,0.0
英国,0.0,0.0
論文,0.0,0.0
鳥類,0.0,0.0
自力,0.0,0.1
価値,0.0,0.0
大尉,0.0,0.0
研究所,0.0,0.0
道東,0.0,0.07692307692307693
道北,0.0,0.0
教授,0.0,0.0
東京大学,0.0,0.0
政府,0.0,0.3899331662489557
学者,0.0,0.0
欧米,0.0,0.04
京浜,0.0,0.0
協会,0.0,0.6428571428571428
共通,0.0,0.0
広道,0.0,0.0
河野,0.0,0.2
植物,0.0,0.0
移行,0.0,0.07692307692307693
樺太,0.0,0.75
低地,0.0,0.0
石狩,0.0,0.0
ジョン,0.0,0.0
ミルン,0.0,0.0
幹部,0.0,0.8333333333333333
会員,0.0,0.625
要素,0.0,0.0
寿都,0.0,0.0
黒松内,0.0,0.0
大陸,0.0,0.05263157894736842
シベリア,0.0,0.1111111111111111
重要性,0.0,0.0
宗谷,0.0,0.0
他方,0.0,0.0
北海道産,0.0,0.0
主張,0.0,0.3333333333333333
三郎,0.0,0.20168067226890757
業績,0.0,0.1607142857142857
ブラキストン,0.0,0.0
貢献,0.0,0.0
鉱山,0.0,0.07142857142857142
地質学,0.0,0.0
動物,0.0,0.0
博物館,0.0,0.0
専門,0.0,0.5632478632478632
雑誌,0.0,0.16666666666666669
根室,0.0,0.0
船中,0.0,0.0
徳川,0.0,0.0
冬期,0.0,0.0
積雪,0.0,0.0
野菜,0.0,0.5714285714285714
樹皮,0.0,0.0
カムチャツカ,0.0,0.0
一種,0.0,0.07142857142857142
夏期,0.0,0.0
一途,0.0,0.05
区分,0.0,0.0030581039755351682
夕方,0.0,0.3828749802434013
必要,0.0,1.300921658986175
アムール,0.0,0.0
被害,0.0,0.7833333333333332
毛皮,0.0,0.3333333333333333
松下,0.0,0.0
進歩,0.0,0.25
海外,0.0,0.14285714285714285
諸国,0.0,0.0
観測,0.0,0.0
気象,0.0,0.08333333333333333
道産,0.0,0.0
全国,0.0,2.0570818070818073
出現,0.0,0.25
特産,0.0,0.0
海域,0.0,0.0
倉庫,0.0,0.004545454545454545
洞窟,0.0,0.0
人々,0.0,0.41666666666666663
渡来,0.0,0.0
人家,0.0,0.03333333333333333
出産,0.0,0.0
模様,0.0,0.0
休息,0.0,0.0
頭数,0.0,0.0
捕獲,0.0,0.0
頸部,0.0,0.0
階層,0.0,0.0
登山,0.0,0.0
問題,0.0,2.222377622377622
検討,0.0,0.0
今後,0.0,0.2994227994227994
都会,0.0,0.3333333333333333
周囲,0.0,0.0
大形,0.0,0.0
見解,0.0,0.0
ドイツ,0.0,0.02857142857142857
論説,0.0,0.0
蝦夷,0.0,0.0
構想,0.0,0.0
相違,0.0,0.0
発表,0.0,0.0
幾度,0.0,0.0
カラフト,0.0,0.0
もと,0.0,1.0208032708032708
有無,0.0,0.0
危険性,0.0,0.0
東南,0.0,1.0
以南,0.0,0.0
若干,0.0,0.0
住宅地,0.0,0.047619047619047616
耕地,0.0,0.0
半ば,0.0,0.0
輸入品,0.0,0.09090909090909091
流入,0.0,0.0
ぶり,0.0,0.6583333333333333
建設,0.0,0.6979366858851164
限界,0.0,0.0
本拠,0.0,0.0
様相,0.0,0.12937062937062938
天然,0.0,0.0
農耕,0.0,0.0
水源,0.0,0.08333333333333333
在来,0.0,0.0
森林,0.0,0.0
現地,0.0,0.0
標準,0.0,0.2
工部,0.0,0.25
採集,0.0,0.0
必要性,0.0,0.0
日高,0.0,0.0
公使館,0.0,0.0
駐在,0.0,0.0
英文,0.0,0.0
習慣,0.0,0.0
風俗,0.0,0.0
部落,0.0,0.26666666666666666
分野,0.0,0.0
足跡,0.0,0.07692307692307693
西洋,0.0,0.0
宗教的,0.0,0.0
サイベ,0.0,0.0
委員,0.0,0.45535714285714285
通弁,0.0,0.0
玄武,0.0,0.0
大島,0.0,0.0
案内,0.0,0.14285714285714285
製材,0.0,0.0
製氷,0.0,0.0
商事,0.0,0.25
風習,0.0,0.0
人種,0.0,0.0
学術,0.0,0.0
亀田郡,0.0,0.5
学界,0.0,0.0
要領,0.0,0.0
管玉,0.0,0.0
小刀,0.0,0.0
石槍,0.0,0.0
箇所,0.0,0.14285714285714285
開削,0.0,0.0
ページ,0.0,0.0
竪穴,0.0,0.0
自身,0.0,0.0946969696969697
相生町,0.0,0.0
掘割,0.0,0.0
武四郎,0.0,0.0
松浦,0.0,0.0
延享,0.0,0.0
寛文,0.0,0.0
松岡,0.0,0.0
人工,0.0,0.0
観点,0.0,0.5
重蔵,0.0,0.0
近藤,0.0,0.0
ならび,0.0,0.0
理解,0.0,0.0
石斧,0.0,0.0
同社,0.0,0.175
八幡,0.0,0.0
旅行,0.0,0.2777777777777778
弘化,0.0,0.058823529411764705
地図,0.0,0.36363636363636365
取調,0.0,0.1
蝦夷地,0.0,0.0
終り,0.0,0.2
択捉,0.0,0.0
国後,0.0,0.0
寛政,0.0,0.0
奇観,0.0,0.0
通称,0.0,0.0
秋田,0.0,0.0
アサリ,0.0,0.0
天皇,0.0,0.0
下等,0.0,0.0
考古,0.0,0.0
判断,0.0,0.15458937198067632
アイヌ,0.0,0.0
日誌,0.0,0.0
十勝,0.0,0.07507002801120448
風土,0.0,0.0
会所,0.0,1.0
国立,0.0,0.0
網走,0.0,0.07692307692307693
居住地,0.0,0.0
目的,0.0,0.4888888888888889
事項,0.0,0.0
スル,0.0,0.07142857142857142
話題,0.0,0.08
漁網,0.0,0.3333333333333333
深瀬,0.0,0.0
目録,0.0,0.0
出品,0.0,0.14285714285714285
土製,0.0,0.0
展覧会,0.0,0.0
附属,0.0,0.0
郷土,0.0,0.41666666666666663
往来,0.0,0.0
学芸,0.0,0.0
東洋,0.0,0.0
経費,0.0,0.2722222222222222
幹事,0.0,0.125
伊藤,0.0,0.0
能登川,0.0,0.0
尖底,0.0,0.0
椴法華,0.0,0.16666666666666666
コレクション,0.0,0.0
清男,0.0,0.0
山内,0.0,0.0
出版,0.0,0.34285714285714286
大山,0.0,0.5
阿部,0.0,0.0
文化財,0.0,0.0
現状,0.0,0.0
奉仕,0.0,0.0
援助,0.0,0.2
行事,0.0,0.2
記念,0.0,0.5
開館,0.0,0.0
週間,0.0,0.003389830508474576
埋蔵,0.0,0.0
端緒,0.0,0.0
北海道大学,0.0,0.0
刊行,0.0,0.0
会報,0.0,0.0
批判,0.0,0.1111111111111111
内地,0.0,0.0
教室,0.0,0.0
医学部,0.0,0.0
論争,0.0,0.0
動き,0.0,0.9
石製,0.0,0.0
多少,0.0,0.0
鳥羽,0.0,0.0
伊勢,0.0,0.0
意味,0.0,0.0
学会,0.0,0.25
伝説,0.0,0.0
骨格,0.0,0.0
土偶,0.0,0.0
漁猟,0.0,0.0
石鏃,0.0,0.0
没後,0.0,0.0
一連,0.0,0.0
区史,0.0,0.0
動機,0.0,0.058823529411764705
岩船,0.0,0.0
学生,0.0,0.004329004329004329
中学校,0.0,0.5059880239520959
馬場,0.0,0.3611111111111111
館長,0.0,0.0
埋葬,0.0,0.0
健蔵,0.0,0.0
図書館,0.0,0.0
私立,0.0,0.0
人夫,0.0,0.0
人物,0.0,0.09090909090909091
弟子,0.0,0.0
収集,0.0,0.1
差異,0.0,0.0
岡田,0.0,0.16666666666666666
計算,0.0,0.24722222222222223
どおり,0.0,0.4242424242424242
勅令,0.0,0.0
内容,0.0,0.2030769230769231
技術,0.0,0.3333333333333333
官吏,0.0,0.034482758620689655
労働力,0.0,0.0
女子,0.0,0.45
幕末,0.0,0.0
男子,0.0,0.30952380952380953
男性,0.0,0.22631578947368422
気味,0.0,0.0
嘉永,0.0,0.0
文政,0.0,0.0
享和,0.0,0.0
各村,0.0,0.05555555555555555
石崎,0.0,0.0
沢辺,0.0,0.0
外国人,0.0,0.0625
居留,0.0,0.0
宗教,0.0,0.0
関係者,0.0,0.1
復興,0.0,0.6523809523809523
施行,0.0,0.19444444444444442
仕方,0.0,0.0
水産業,0.0,0.0
相応,0.0,0.0
急増,0.0,0.8214285714285714
前年,0.0,0.2
鍛冶,0.0,0.15
翌年,0.0,0.8795871559633027
渡道,0.0,0.058823529411764705
滞留,0.0,0.0
港湾,0.0,0.0
デンマーク,0.0,0.0
フランス,0.0,0.0
ロシア,0.0,0.25
国籍,0.0,0.16666666666666666
各年,0.0,0.0
数年間,0.0,0.0
天明,0.0,0.0
現住,0.0,0.0
消防組,0.0,0.25
パーセント,0.0,0.7413151119033472
風速,0.0,0.5
前日,0.0,0.25
通常,0.0,0.0
災害,0.0,0.8333333333333333
毎年,0.0,0.0
苫小牧,0.0,0.0
宮古,0.0,0.0
初年,0.0,0.4375
異動,0.0,0.25
問題点,0.0,0.0
記述,0.0,0.8859649122807016
社会,0.0,0.8503968253968254
建物,0.0,0.33730158730158727
同書,0.0,0.2
日常,0.0,0.55
変わり,0.0,0.06666666666666667
反面,0.0,0.09090909090909091
要覧,0.0,0.0
男女,0.0,0.0
出入,0.0,0.0
寄留,0.0,0.0
戸籍,0.0,0.0
本籍,0.0,0.0
確認,0.0,0.0
維新,0.0,0.0
確定,0.0,0.5
改め,0.0,0.47619047619047616
宗門,0.0,0.0
手がかり,0.0,0.003076923076923077
信頼,0.0,0.0
戸籍法,0.0,0.0
戸口,0.0,0.0
体制,0.0,0.5555555555555556
数字,0.0,0.0
侵略,0.0,0.0
軍需,0.0,0.1
復員,0.0,0.6666666666666666
導入,0.0,0.0
金属器,0.0,0.0
木製品,0.0,0.0
定着,0.0,0.0
文様,0.0,0.0
稲作,0.0,0.0
西日本,0.0,0.0
弥生,0.0,0.0
草創,0.0,0.0
新潟県,0.0,0.003436426116838488
磨製,0.0,0.0
後期,0.0,0.08333333333333333
考え方,0.0,0.0
地域性,0.0,0.0
貞治,0.0,0.0
北朝鮮,0.0,0.0
沿海州,0.0,0.5
飾り,0.0,0.0
特色,0.0,0.0
発見,0.0,0.058823529411764705
直後,0.0,1.5833333333333333
陸奥,0.0,0.0
出羽,0.0,0.0
説明,0.0,0.25
四方,0.0,0.0
兵衛,0.0,0.0
出土,0.0,0.0
村上,0.0,0.0
両端,0.0,0.09090909090909091
調書,0.0,0.0
移住者,0.0,0.0
中世,0.0,0.0
住居,0.0,0.0
古墳,0.0,0.0
伝統,0.0,0.0
石棒,0.0,0.0
越前,0.0,0.0
推定,0.0,0.0
古銭,0.0,0.058823529411764705
室町,0.0,0.0
寛永,0.0,0.0
興味,0.0,0.0
石器,0.0,0.0
交流,0.0,0.0
旧石器,0.0,0.0
マンモス,0.0,0.0
考古学,0.0,0.0
部門,0.0,0.0
代り,0.0,0.0
後退,0.0,0.09090909090909091
不振,0.0,0.2361111111111111
停止,0.0,0.125
金融,0.0,0.7
通信,0.0,0.19444444444444442
運輸,0.0,0.2909090909090909
集積,0.0,0.0
朝廷,0.0,0.0
始まり,0.0,1.0622834372834373
先住,0.0,0.0
近年,0.0,0.0
奈良,0.0,0.0
古代,0.0,0.0
関心,0.0,0.07142857142857142
公開,0.0,0.07142857142857142
博物,0.0,0.0
発掘,0.0,0.0
先端,0.0,0.0
モース,0.0,0.0
人類学,0.0,0.0
人骨,0.0,0.0
狩猟,0.0,0.0
漁労,0.0,0.0
貝殻,0.0,0.0
貝塚,0.0,0.0
民族,0.0,0.0
先史,0.0,0.0
以北,0.0,0.0
高木,0.0,0.5333333333333333
ライン,0.0,0.25
奥尻,0.0,0.0
就航,0.0,0.25
充実,0.0,0.1111111111111111
設備,0.0,0.11458333333333333
利用客,0.0,0.0
函館空港,0.0,0.0
通学,0.0,0.0
乗降,0.0,0.0
貨物,0.0,0.5083333333333333
唯一,0.0,0.3333333333333333
本道,0.0,0.0
松前,0.0,0.0
鉄道,0.0,1.3142857142857143
大半,0.0,0.25
原油,0.0,0.0
交通手段,0.0,0.2
拠点,0.0,0.08333333333333333
ルート,0.0,0.2
号線,0.0,0.0
以降,0.0,1.192099567099567
元禄,0.0,0.0
発展,0.0,0.4606526806526807
建立,0.0,0.0
寺社,0.0,0.0
商業,0.0,0.9666666666666667
広域,0.0,0.0
石油,0.0,0.30952380952380953
東北,0.0,0.5
区域,0.0,0.0
管轄,0.0,0.0
管理,0.0,0.5467159277504106
それぞれ,0.0,1.2673252279635259
各地,0.0,0.8095238095238095
洞爺,0.0,0.058823529411764705
余市,0.0,0.0
税関,0.0,0.0
寺子屋,0.0,0.0
アジア,0.0,0.05263157894736842
新造,0.0,0.0
自然,0.0,0.2909090909090909
多く,0.0,1.5764550264550263
山麓,0.0,0.0
観光客,0.0,0.1111111111111111
事業,0.0,1.6527777777777777
大沼,0.0,0.7150636802810715
最近,0.0,1.0057142857142858
資源,0.0,0.0625
伸び,0.0,0.40458937198067635
観光,0.0,0.1111111111111111
サービス業,0.0,0.0
調査,0.0,1.5342105263157895
国勢,0.0,0.0
購買力,0.0,0.0
基盤,0.0,0.0
輸出入,0.0,0.0
移出入,0.0,0.0
国鉄,0.0,0.19642857142857142
航路,0.0,0.0
輸出,0.0,0.16666666666666666
停滞,0.0,0.06666666666666667
長距離,0.0,0.0
車両,0.0,0.1111111111111111
野辺地,0.0,0.0
大間,0.0,0.0
当初,0.0,0.16666666666666666
輸入,0.0,0.13090909090909092
隻数,0.0,0.0
自家用車,0.0,0.5
意義,0.0,0.0
中継,0.0,0.06666666666666667
競合,0.0,0.09808612440191387
航空機,0.0,0.041666666666666664
トラック,0.0,0.4386363636363636
乗客,0.0,1.0588235294117647
普及,0.0,0.9166666666666666
教育,0.0,0.0
発端,0.0,0.0
記録,0.0,0.6773383994746225
ヘクタール,0.0,0.0
国営,0.0,0.0
最大,0.0,0.13574660633484165
末期,0.0,0.1111111111111111
水田,0.0,0.0
早く,0.0,0.8958333333333333
久根別,0.0,0.0
享保,0.0,0.0
七飯,0.0,0.0
東部,0.0,0.3399558498896247
中央,0.0,0.6872222222222223
まま,0.0,1.486335403726708
方向,0.0,0.2915384615384615
町政,0.0,0.0
沿い,0.0,0.1
性格,0.0,0.0
蔬菜,0.0,0.0
候補,0.0,0.0
見方,0.0,0.0
三森,0.0,0.0
雁皮,0.0,0.0
台地,0.0,0.0
下部,0.0,0.0
溶岩,0.0,0.0
上部,0.0,0.0
部分,0.0,0.6295552367288378
色彩,0.0,0.0
うち,0.0,2.1829567929408182
平野,0.0,0.0
段丘,0.0,0.0
山岳,0.0,0.0
地形,0.0,0.25
半島,0.0,0.0
疑問,0.0,0.0
施設,0.0,1.058450577200577
北東,0.0,0.0
駒ヶ岳,0.0,0.0
砂原,0.0,0.0
和人,0.0,0.0
戸数,0.0,1.0
農家,0.0,0.5123456790123457
次第,0.0,0.3333333333333333
進行,0.0,0.0
合併,0.0,1.1631313131313132
懸案,0.0,0.0
宅地,0.0,0.38095238095238093
農業,0.0,0.2095238095238095
農村,0.0,0.1984126984126984
農民,0.0,0.0
開拓,0.0,0.0
世紀,0.0,0.047619047619047616
所在地,0.0,0.16666666666666666
地名,0.0,0.0
歴史,0.0,0.1596051702434681
北西,0.0,0.0
村落,0.0,0.0
九州,0.0,0.0
用地,0.0,0.1
余地,0.0,0.06666666666666667
元年,0.0,0.5138888888888888
原因,0.0,0.4409090909090909
茂辺地,0.0,0.11437908496732026
精製,0.0,0.07692307692307693
七重浜,0.0,0.0
一大,0.0,0.05263157894736842
名称,0.0,0.25455465587044535
増加率,0.0,0.0
浅野,0.0,0.2
集落,0.0,0.31666666666666665
古く,0.0,0.0
山地,0.0,0.0
背後,0.0,0.0
大野,0.0,0.1111111111111111
平方メートル,0.0,0.08333333333333333
自治体,0.0,0.0
セメント,0.0,0.0
輝石,0.0,0.0
集中,0.0,0.3890136927685066
家族,0.0,0.45192307692307687
構成,0.0,0.30952380952380953
産業,0.0,0.8373015873015873
規模,0.0,1.3088235294117647
両市,0.0,0.0
互い,0.0,0.1
景観,0.0,0.06666666666666667
単位,0.0,0.0
行政,0.0,0.045454545454545456
減少,0.0,0.5145021645021646
亀田,0.0,2.6346027846027846
旭川,0.0,0.325
札幌,0.0,1.1593137254901962
世帯,0.0,0.35
人口,0.0,0.6042780748663101
結果,0.0,1.38619802183632
比率,0.0,0.09090909090909091
消費,0.0,1.016190476190476
都市型,0.0,0.0
シェア,0.0,0.0
民間,0.0,0.6
発着,0.0,0.08333333333333333
連絡,0.0,1.4161559630599878
青函,0.0,0.5666666666666667
交通,0.0,1.4992063492063492
文化,0.0,0.8972008673368815
発達,0.0,0.1
今日,0.0,0.0
地方,0.0,1.128968253968254
渡島,0.0,0.25396825396825395
初期,0.0,0.4444444444444444
平均値,0.0,0.0
呼称,0.0,0.0
全道,0.0,0.3333333333333333
各種,0.0,0.23942307692307693
経済,0.0,2.1548418972332017
檜山,0.0,0.1111111111111111
フェリー,0.0,0.041666666666666664
余儀,0.0,0.08333333333333333
地位,0.0,0.16233766233766234
南西部,0.0,0.0
南部,0.0,0.5
面積,0.0,0.125
広がり,0.0,0.0
南北,0.0,0.38596491228070173
東西,0.0,0.0
範囲,0.0,0.0
市域,0.0,0.0030581039755351682
過去,0.0,0.0625
市制,0.0,0.1111111111111111
大都市,0.0,0.2
オーストラリア,0.0,0.0
青森県,0.0,0.0
本州,0.0,0.8463836477987421
津軽,0.0,0.15063199711087036
北部,0.0,0.0
東側,0.0,0.0
戸井,0.0,0.125
北東部,0.0,0.0
社会的,0.0,0.0
経済的,0.0,0.25
編成,0.0,0.0
政策,0.0,0.2934782608695652
大戦,0.0,0.6734006734006733
中枢,0.0,0.0
道央,0.0,0.0
低落,0.0,0.0
距離,0.0,0.0
道内,0.0,1.2023809523809523
上磯,0.0,0.07692307692307693
七飯町,0.0,0.0
西側,0.0,0.0
鹿部,0.0,0.2
南茅部,0.0,0.0
横津,0.0,0.0
国道,0.0,0.0
本線,0.0,0.125
江差,0.0,0.03571428571428571
起点,0.0,0.16666666666666666
徐々,0.0,0.8333333333333334
企業,0.0,0.4242424242424242
生産力,0.0,0.0
最盛期,0.0,0.0
北洋,0.0,0.634387351778656
加工,0.0,0.0
機関,0.0,0.6666666666666666
船舶,0.0,0.25
繊維,0.0,0.8333333333333333
資材,0.0,0.08333333333333333
トン,0.0,0.1997311827956989
一部,0.0,1.5799019607843137
函館湾,0.0,0.0
機械,0.0,0.8102564102564103
輸送,0.0,0.4976190476190476
衰退,0.0,0.5434782608695652
全体,0.0,0.6699346405228759
販売額,0.0,0.7380952380952381
現象,0.0,0.5625
生業,0.0,0.0
店舗,0.0,1.3972049689440993
従業者,0.0,0.07692307692307693
年間,0.0,1.5421052631578946
当り,0.0,0.0
特徴,0.0,0.6894230769230769
同時,0.0,0.2774516102462729
主体,0.0,0.0
多様化,0.0,0.0
消費者,0.0,0.4288888888888888
専門店,0.0,0.007692307692307693
要因,0.0,0.0
上昇,0.0,0.7595238095238095
小売業,0.0,0.325
管内,0.0,0.1111111111111111
支庁,0.0,0.503968253968254
行動,0.0,0.9761904761904762
下請,0.0,0.3333333333333333
関連,0.0,1.0050125313283207
水産加工業,0.0,0.0
卸売業,0.0,0.0
長万部,0.0,0.0
八雲,0.0,0.0
比較的,0.0,0.0
商品,0.0,1.3401315789473685
小売店,0.0,0.08333333333333333
市町村,0.0,0.0
製造業,0.0,0.5769230769230769
卸売,0.0,0.3333333333333333
サービス,0.0,0.6111111111111112
総数,0.0,0.0
関係,0.0,1.1696428571428572
地域,0.0,1.7909090909090908
定期,0.0,0.25
東京,0.0,1.0646618352500705
空港,0.0,0.0
業種,0.0,0.6
経済力,0.0,0.0
傾向,0.0,1.1439684569479966
未満,0.0,0.0
八戸,0.0,0.0
釧路,0.0,0.16666666666666666
産地,0.0,0.058823529411764705
原料,0.0,0.1
増加,0.0,1.641399286987522
生産,0.0,0.5514147688060731
加工業,0.0,0.0
大部分,0.0,0.6254901960784314
水産,0.0,0.5
国内,0.0,0.14285714285714285
割合,0.0,0.0
食料品,0.0,1.2
出荷,0.0,0.07142857142857142
従業者数,0.0,0.07692307692307693
零細,0.0,0.54
小規模,0.0,0.0
大手,0.0,0.30192307692307696
安山岩,0.0,0.0
硫黄,0.0,0.25
生成,0.0,0.0
建築,0.0,0.25396825396825395
ピーク,0.0,0.3333333333333333
貝層,0.0,0.0
陸上,0.0,0.5769230769230769
黒色,0.0,0.0
灰色,0.0,0.0
市役所,0.0,1.3011384393186356
敷設,0.0,0.16666666666666666
下水,0.0,0.0
埋立,0.0,0.0
建造物,0.0,0.0
平均,0.0,0.3333333333333333
か年,0.0,0.02857142857142857
工事,0.0,0.25
土木,0.0,0.0
電報,0.0,0.0
石川,0.0,0.16666666666666666
政治,0.0,0.2
種類,0.0,0.25
土師器,0.0,0.0
晩期,0.0,0.0
土層,0.0,0.0
山田,0.0,0.0
移り変わり,0.0,0.0
中村,0.0,0.0
以後,0.0,0.5333333333333333
採取,0.0,0.16666666666666666
最終,0.0,0.037037037037037035
基底,0.0,0.0
勝利,0.0,0.0
何度,0.0,0.004
段階,0.0,0.0
水面,0.0,0.1
分析,0.0,0.00303951367781155
合計,0.0,0.0
わけ,0.0,0.442465401039255
擦文,0.0,0.0
考慮,0.0,0.0030581039755351682
相当,0.0,0.5
以前,0.0,0.6285714285714286
土器,0.0,0.0
早期,0.0,0.5
縄文,0.0,0.0
鈴木,0.0,0.0
長谷川,0.0,0.0
センチメートル,0.0,0.0
湯川町,0.0,0.07692307692307693
前面,0.0,0.004032258064516129
西浜,0.0,0.0
噴火湾,0.0,0.0
絶対,0.0,0.1111111111111111
半分,0.0,0.5555555555555556
遺体,0.0,0.0
生物,0.0,0.0
沖積,0.0,0.0
住吉,0.0,0.5
砂鉄,0.0,0.0
南西,0.0,0.0
砂丘,0.0,0.25
供給,0.0,1.3242424242424242
材料,0.0,0.0
土砂,0.0,0.0
流れ,0.0,0.1718213058419244
対馬,0.0,0.0
機構,0.0,0.0
地理,0.0,0.030303030303030304
秋田県,0.0,0.0
本土,0.0,0.0
砂州,0.0,0.0
大差,0.0,0.1111111111111111
遺跡,0.0,0.0
遺物,0.0,0.0
違い,0.0,0.16847826086956522
畑地,0.0,0.0
中間,0.0,0.2
平安,0.0,0.0
鎌倉,0.0,0.0
江戸,0.0,0.1
小樽市,0.0,0.0
直径,0.0,0.0
接触,0.0,0.0
樹木,0.0,0.0
相互,0.0,0.1111111111111111
中期,0.0,0.0
組織,0.0,0.9864551083591331
ガラス,0.0,0.0
物質,0.0,0.125
斜長石,0.0,0.0
斑晶,0.0,0.0
鉱物,0.0,0.0
プロピライト,0.0,0.0
全般,0.0,0.25
岩質,0.0,0.0
忍路,0.0,0.0
丸山,0.0,0.0
連続,0.0,0.0
藤原,0.0,0.0
水道,0.0,0.39354066985645936
エトロフ,0.0,0.0
温帯,0.0,0.0
列島,0.0,0.0
千島,0.0,0.3333333333333333
nan,0.0,0.0
地理的,0.0,0.030303030303030304
安山,0.0,0.0
内外,0.0,0.3333333333333333
磯谷,0.0,0.0
報告,0.0,0.5315656565656566
両者,0.0,0.5261904761904761
小型,0.0,0.5833333333333334
大型,0.0,0.5253357753357754
ミリメートル,0.0,0.0
規則,0.0,0.0
今まで,0.0,0.0
一緒,0.0,0.0035714285714285713
頁岩,0.0,0.0
硬質,0.0,0.0
奥地,0.0,0.2
ほとんど,0.0,0.0
舞台,0.0,0.15656565656565657
人類,0.0,0.0
期間,0.0,0.06857142857142857
状態,0.0,1.253968253968254
円形,0.0,0.0
下北,0.0,0.0
大小,0.0,0.7
陣屋,0.0,0.0
富川,0.0,0.0
峠下,0.0,0.0
自体,0.0,0.25
本郷,0.0,0.0
成立,0.0,0.75
陶器,0.0,0.0
大きさ,0.0,0.0512348922753547
方法,0.0,0.25302114803625375
以東,0.0,0.0
前記,0.0,0.0
緑色,0.0,0.0
上位,0.0,0.25
諸島,0.0,0.0
中国,0.0,0.47619047619047616
砕屑,0.0,0.0
海底,0.0,0.0
中新世,0.0,0.0
起源,0.0,0.0
海中,0.0,0.0
Ko,0.0,0.0
佐々木,0.0,0.0
ないし,0.0,0.0
形態,0.0,0.5
初め,0.0,0.5030211480362538
多数,0.0,0.603030303030303
前期,0.0,0.0
上層,0.0,0.0
測定,0.0,0.0
印象,0.0,0.0
最後,0.0,0.10416666666666666
地表,0.0,0.0
構造,0.0,0.03873543375053949
地下,0.0,0.0
資料,0.0,0.6166666666666667
湿地,0.0,0.0
谷地頭,0.0,0.39999999999999997
南東,0.0,0.0
傾斜,0.0,0.0
寄り,0.0,0.75
西部,0.0,0.6033562166285278
節理,0.0,0.0
柱状,0.0,0.0
石英,0.0,0.0
西海岸,0.0,0.0
海岸線,0.0,0.25
粘土,0.0,0.058823529411764705
堆積物,0.0,0.0
海面,0.0,0.0
平坦,0.0,0.0
粗面岩,0.0,0.0
角礫,0.0,0.0
泥岩,0.0,0.0
基盤岩,0.0,0.0
凝灰岩,0.0,0.0
牧場,0.0,0.0
川面,0.0,0.0
噴出,0.0,0.0
可能性,0.0,0.0
標高,0.0,0.0
変化,0.0,1.252109002109002
一定,0.0,0.0
隆起,0.0,0.0
土地,0.0,0.3333333333333333
形成,0.0,0.21929824561403508
洪積世,0.0,0.0
前後,0.0,0.16666666666666666
火山,0.0,0.0
寒川,0.0,0.0
浸食,0.0,0.0
場合,0.0,0.6933613445378152
砂岩,0.0,0.0
台場,0.0,0.0
川上,0.0,0.0
玄武岩,0.0,0.0
粗粒,0.0,0.0
各所,0.0,0.125
化石,0.0,0.2
上流,0.0,0.0
泊川,0.0,0.0
松倉,0.0,0.22916666666666666
前述,0.0,0.29
変質,0.0,0.0
独立,0.0,0.004524886877828055
山形,0.0,0.0
作用,0.0,0.0
支流,0.0,0.0
褐色,0.0,0.0
吉田,0.0,0.0
地層,0.0,0.0
岩層,0.0,0.0
地質,0.0,0.0
広範囲,0.0,0.0
斜面,0.0,0.0
世界,0.0,0.8916666666666666
要塞,0.0,0.08333333333333333
戦時,0.0,1.4131313131313132
青木,0.0,0.0
写真,0.0,0.2
山頂,0.0,0.034482758620689655
幕府,0.0,0.0
万延,0.0,0.1111111111111111
千畳敷,0.0,0.0
幾つ,0.0,0.0
御殿山,0.0,0.0
最高,0.0,0.25943396226415094
三角,0.0,0.041666666666666664
美術,0.0,0.1111111111111111
ローム,0.0,0.0
一時期,0.0,0.19642857142857142
層厚,0.0,0.0
下流,0.0,0.0
粘土層,0.0,0.0
分類,0.0,0.0
ヨーロッパ,0.0,0.0
一致,0.0,0.0
扇状地,0.0,0.0
横浜,0.0,0.0
菊地,0.0,0.0
丘陵,0.0,0.0
関東,0.0,0.14285714285714285
過程,0.0,0.31974358974358974
海進,0.0,0.0
順序,0.0,0.0
亀沢,0.0,0.7337662337662337
対岸,0.0,0.0
上野,0.0,0.0
事実,0.0,0.3763728470111448
修道院,0.0,0.0
条件,0.0,0.39924242424242423
基準,0.0,0.2625
下末吉,0.0,0.0
熊石,0.0,0.0
恵山,0.0,0.08333333333333333
流域,0.0,0.0
山山,0.0,0.0
砂礫,0.0,0.0
変動,0.0,0.125
状況,0.0,2.583333333333333
坂本,0.0,0.16666666666666666
海水,0.0,0.0
桔梗,0.0,0.0
西岸,0.0,0.0
潮流,0.0,0.0
沿岸,0.0,0.3333333333333333
中部,0.0,0.0035211267605633804
近く,0.0,0.141010101010101
河口,0.0,0.0
凝灰,0.0,0.0
小林,0.0,0.0
議論,0.0,0.0
気候,0.0,0.0
乾燥,0.0,0.0
意見,0.0,0.0
普通,0.0,0.49666666666666665
グループ,0.0,0.2
水準,0.0,0.0
研究,0.0,0.19047619047619047
中川,0.0,0.0
下位,0.0,0.0
日吉,0.0,0.3424242424242424
氷期,0.0,0.0
ミンデル,0.0,0.0
赤川,0.0,0.6944444444444444
時期,0.0,1.2629986197377503
対比,0.0,0.0
寒冷,0.0,0.0
鈴蘭,0.0,0.0
神社,0.0,0.07692307692307693
河川,0.0,0.0625
以西,0.0,0.0
前者,0.0,0.125
後者,0.0,0.5833333333333334
分布,0.0,0.2
境界,0.0,0.0
環境,0.0,0.1
北方,0.0,0.5
堆積,0.0,0.0
東方,0.0,0.0
礫層,0.0,0.0
砂層,0.0,0.0
亀尾,0.0,0.0
地盤,0.0,0.2
海退,0.0,0.0
温泉,0.0,0.0
南方,0.0,0.0
図書,0.0,0.047619047619047616
報告書,0.0,0.4861111111111111
講座,0.0,0.0
財源,0.0,0.0
売買,0.0,1.0
反対,0.0,1.6325757575757576
在住,0.0,0.3333333333333333
木古内,0.0,0.06117353308364544
新設,0.0,0.8214285714285714
増徴,0.0,0.0
改正,0.0,0.40943396226415096
鰊漁,0.0,0.0
税率,0.0,0.0
税目,0.0,0.0
税制,0.0,0.0
収入,0.0,0.8595238095238095
歴史的,0.0,0.0
体系,0.0,0.0
小宿,0.0,0.0
収税,0.0,0.0
願書,0.0,0.0
長崎屋,0.0,0.5
代理人,0.0,0.0
事故,0.0,0.058823529411764705
海難,0.0,0.0
譲渡,0.0,0.2111111111111111
宿泊所,0.0,0.0
船頭,0.0,0.0
仲買,0.0,0.0
専業,0.0,0.012345679012345678
救助,0.0,0.0
不正,0.0,0.25
再編,0.0,0.0
株仲間,0.0,0.0
人員,0.0,0.5
和賀,0.0,0.0
亀屋,0.0,0.0
伺い,0.0,0.0
諸港,0.0,0.0
魚肥,0.0,0.0
先進,0.0,0.0
動向,0.0,0.75
名実,0.0,0.0
通達,0.0,0.14285714285714285
木綿,0.0,0.0
小豆,0.0,0.0
大豆,0.0,0.0
味噌,0.0,0.0
物品,0.0,0.0
禁制,0.0,0.125
許可,0.0,1.2978535353535354
他国,0.0,0.0
業務,0.0,0.327020202020202
漁民,0.0,0.0
地場,0.0,0.07692307692307693
名前,0.0,0.25
請負,0.0,0.1111111111111111
仲間,0.0,0.0
諸藩,0.0,0.0
権利,0.0,0.0
魚油,0.0,0.0
移民,0.0,0.0
改革,0.0,0.0
商港,0.0,0.0
伸長,0.0,0.0
漁場,0.0,0.0
請負人,0.0,0.0
船手,0.0,0.0
茅部,0.0,0.125
名目,0.0,0.1
償還,0.0,0.0
負債,0.0,0.0
資本,0.0,1.7694444444444444
実力,0.0,0.05555555555555555
出店,0.0,0.41233766233766234
鮭鱒,0.0,0.1
近郷,0.0,0.0
荷物,0.0,0.05555555555555555
本来,0.0,0.0
言葉,0.0,0.0
代表者,0.0,0.3625
一手,0.0,0.25
西川,0.0,1.0
手代,0.0,0.0
鱶鰭,0.0,0.0
干鮑,0.0,0.0
海鼠,0.0,0.0
決済,0.0,0.0
金銀,0.0,0.0
多額,0.0,0.5
生糸,0.0,0.0
オランダ,0.0,0.0
清国,0.0,0.0
俵物,0.0,0.0
小一郎,0.0,0.0
地元,0.0,0.125
増産,0.0,0.0
対策,0.0,0.375
不足,0.0,0.8055555555555556
配下,0.0,0.0
一行,0.0,0.0
警備,0.0,0.0
三橋,0.0,0.0
吟味役,0.0,0.0
勘定,0.0,0.0
久蔵,0.0,0.0
取引,0.0,0.3666666666666667
採用,0.0,0.010101010101010102
同額,0.0,0.0
普請,0.0,0.0
総量,0.0,0.0
買入,0.0,0.1
作成,0.0,0.3111111111111111
一同,0.0,0.0
漁船,0.0,0.1111111111111111
トップ,0.0,0.0
与兵衛,0.0,0.0
弥兵衛,0.0,0.0
伊兵衛,0.0,0.0
仕込み,0.0,0.0
行商,0.0,0.0
利益,0.0,1.0166666666666666
干鱈,0.0,0.0
活発化,0.0,0.125
崩壊,0.0,0.3333333333333333
出来事,0.0,0.09090909090909091
結成,0.0,0.8266806722689075
物価,0.0,0.2857142857142857
指示,0.0,0.6944444444444444
本業,0.0,0.0
世話,0.0,0.0
かわり,0.0,0.0
基本的,0.0,0.0030864197530864196
大津,0.0,0.0
集荷,0.0,0.0
商権,0.0,0.0
自己,0.0,0.0
手船,0.0,0.0
船主,0.0,0.0
北前,0.0,0.0
通例,0.0,0.0
成長,0.0,0.5196969696969697
新興,0.0,0.8381381381381381
経歴,0.0,0.0
伊達,0.0,0.0
治郎,0.0,0.125
角兵衛,0.0,0.0
村山,0.0,0.0
打撃,0.0,0.19548872180451127
不漁,0.0,0.2
前貸,0.0,0.0
下関,0.0,0.0
船団,0.0,0.0
雇用,0.0,0.07142857142857142
栖原,0.0,0.0
六兵衛,0.0,0.0
船宿,0.0,0.0
敦賀,0.0,0.0
家臣,0.0,0.0
系譜,0.0,0.2
繁栄,0.0,0.0
抗争,0.0,0.3666666666666667
統一,0.0,0.25757575757575757
動乱,0.0,0.0
さき,0.0,0.0
平穏,0.0,0.0
左衛門,0.0,0.058823529411764705
二郎,0.0,0.5
弥太郎,0.0,0.0
戦死,0.0,0.0
勢い,0.0,0.0
闘争,0.0,0.08333333333333333
交換,0.0,0.27598722415795585
小船,0.0,0.0
書状,0.0,0.0
旅人,0.0,0.5
運上,0.0,0.0
人民,0.0,0.0
協定,0.0,0.26785714285714285
確立,0.0,0.0
かたち,0.0,0.15948275862068967
領土,0.0,0.0
知内,0.0,0.07142857142857142
方策,0.0,0.5
粗悪,0.0,0.25
自家,0.0,0.5
書面,0.0,0.0
根拠地,0.0,0.030303030303030304
兄弟,0.0,0.013513513513513514
感情,0.0,0.7777777777777777
権益,0.0,0.1
待遇,0.0,0.0
過半,0.0,0.0
講和,0.0,0.125
根底,0.0,0.0
価格,0.0,1.0216450216450217
騒動,0.0,0.2909090909090909
廻船,0.0,0.0
金銭,0.0,0.5
出先,0.0,0.16666666666666666
格差,0.0,0.0
航海,0.0,0.0
権力,0.0,0.0
系列,0.0,0.225
次郎,0.0,0.3214285714285714
出身,0.0,0.7416666666666666
蠣崎,0.0,0.0
家政,0.0,0.0
八郎,0.0,0.0
大畑,0.0,0.0
武田,0.0,0.0
四郎,0.0,0.08333333333333333
越中,0.0,0.0
越後,0.0,0.0
回船,0.0,0.0
免除,0.0,0.0
不満,0.0,0.18285714285714286
とり,0.0,1.051098901098901
酋長,0.0,0.0
連合,0.0,0.17763157894736842
旧来,0.0,0.0
友好,0.0,0.0
矛盾,0.0,0.047619047619047616
直接,0.0,0.5666666666666667
増大,0.0,0.125
往時,0.0,0.0
指摘,0.0,0.5
問屋,0.0,0.3399558498896247
活躍,0.0,0.0
地産,0.0,0.0
海運,0.0,0.058823529411764705
特権,0.0,0.0
通貨,0.0,0.0
帰途,0.0,0.0
幕藩,0.0,0.0
秀吉,0.0,0.0
一家,0.0,0.5333333333333333
出稼,0.0,0.125
出稼ぎ,0.0,0.125
生計,0.0,0.2
自治,0.0,0.5
人組,0.0,0.0
名主,0.0,0.0
租税,0.0,0.0
奨励,0.0,0.25
検査,0.0,0.0
制限,0.0,0.3333333333333333
取扱,0.0,0.4444444444444444
処分,0.0,0.0
訴訟,0.0,0.2777777777777778
汐首,0.0,0.0
生産物,0.0,0.05555555555555555
後年,0.0,0.0
反歩,0.0,0.0
酒井,0.0,0.0
近江,0.0,0.0
実態,0.0,0.5
積荷,0.0,0.25
実現,0.0,0.0
各港,0.0,0.0
重点,0.0,0.08333333333333333
泉沢,0.0,0.0
松田,0.0,0.0
民家,0.0,0.5
未曽有,0.0,0.0
建て,0.0,0.7194805194805195
下山,0.0,0.0
小屋,0.0,0.20806451612903226
実情,0.0,0.3333333333333333
人心,0.0,0.0
佐藤,0.0,0.3333333333333333
役宅,0.0,0.0
展開,0.0,1.1424963924963927
番所,0.0,0.14285714285714285
方針,0.0,0.36507936507936506
交代,0.0,0.0
権限,0.0,0.0
政務,0.0,0.0
近在,0.0,0.0
早々,0.0,0.0
帰国,0.0,0.2777777777777778
支配下,0.0,0.0
領主,0.0,0.0
許可証,0.0,0.0
進展,0.0,0.08333333333333333
成功,0.0,0.03225806451612903
大坂,0.0,0.0
民部,0.0,0.0
木村,0.0,0.0
前田,0.0,0.3333333333333333
資格,0.0,0.0
大名,0.0,0.25
一挙,0.0,0.0
年貢,0.0,0.0
復活,0.0,0.5833333333333334
強化,0.0,0.4222222222222222
生産者,0.0,0.0
末端,0.0,0.0
政治的,0.0,0.0
利潤,0.0,0.0
態勢,0.0,0.0
紛争,0.0,0.3333333333333333
財政,0.0,0.25
専売,0.0,0.0
口銭,0.0,0.0
諸役,0.0,0.0
知行,0.0,0.0
領地,0.0,0.0
独占,0.0,0.1
原則,0.0,0.0
収益,0.0,0.5
下国,0.0,0.0
天塩,0.0,0.0
通詞,0.0,0.0
敷地,0.0,0.0
地積,0.0,0.0
交替,0.0,0.25
下役,0.0,0.0
調役,0.0,0.0
将軍,0.0,0.0
赴任,0.0,0.5
和船,0.0,0.0
御用,0.0,0.0
嘉兵衛,0.0,0.0
高田屋,0.0,0.0
頭取,0.0,0.14285714285714285
吏員,0.0,0.0
骨子,0.0,0.0
択捉島,0.0,0.0
上知,0.0,0.0
小児,0.0,0.0
人材,0.0,0.0
修好,0.0,0.0
幌泉,0.0,0.0
評判,0.0,0.0
混雑,0.0,0.0
進駐,0.0,0.5
人数,0.0,0.25
混乱,0.0,0.6428571428571428
沖合,0.0,0.0
藩兵,0.0,0.0
出兵,0.0,0.0
臨時,0.0,0.2857142857142857
庄内,0.0,0.0
紗那,0.0,0.0
五郎,0.0,0.0
今度,0.0,0.1111111111111111
米商,0.0,0.0
視察,0.0,0.3611111111111111
収納,0.0,0.0
不便,0.0,0.009523809523809525
藩領,0.0,0.0
小松,0.0,0.0
思想,0.0,0.18803418803418803
僧侶,0.0,0.0
毎月,0.0,0.09090909090909091
供養,0.0,0.0
教化,0.0,0.0
山東,0.0,0.0
ロシア語,0.0,0.0
神官,0.0,0.0
神明,0.0,0.0
ニコライ,0.0,0.0
後任,0.0,0.0
教会,0.0,0.041666666666666664
天主,0.0,0.0
ハリストス,0.0,0.0
庶民,0.0,0.35
公使,0.0,0.0
小島,0.0,0.0
図画,0.0,0.0
期限,0.0,0.0
戸田,0.0,0.0
正義,0.0,0.0
羽太,0.0,0.0
警衛,0.0,0.0
土蔵,0.0,0.0
源次郎,0.0,0.0
用達,0.0,0.0
上期,0.0,0.0
意識,0.0,0.8787878787878787
町人,0.0,0.0
年寄,0.0,0.0
画家,0.0,0.0
支配人,0.0,0.75
無外,0.0,0.0
俳人,0.0,0.0
集散地,0.0,0.0
運航,0.0,0.0
官船,0.0,0.0
兵庫,0.0,0.0
国防,0.0,0.0
牢屋,0.0,0.0
半額,0.0,0.0
賦課,0.0,0.0
入費,0.0,0.0
人足,0.0,0.0
集会,0.0,0.25
町役人,0.0,0.0
組頭,0.0,0.0
上納,0.0,0.0
総代,0.0,0.0
協議,0.0,0.7605861244019139
鑑札,0.0,0.0
駅逓,0.0,0.0
民事,0.0,0.0
希望,0.0,0.16666666666666666
酒田,0.0,0.0
浦賀,0.0,0.0
仕入,0.0,0.1
要求,0.0,0.125
東回り,0.0,0.0
飛躍的,0.0,0.3333333333333333
産額,0.0,0.30952380952380953
通用,0.0,0.0
払下,0.0,0.3333333333333333
代金,0.0,0.0
地所,0.0,0.0
払下げ,0.0,0.3333333333333333
入札,0.0,0.0
うえ,0.0,0.1111111111111111
金額,0.0,0.0
追加,0.0,0.0
値段,0.0,0.25
取調べ,0.0,0.0
認可,0.0,0.275
落札,0.0,0.0
領事館,0.0,0.11036036036036036
法令,0.0,0.0
人別,0.0,0.0
武兵衛,0.0,0.0
指令,0.0,0.0
見込み,0.0,0.0
収穫,0.0,0.0
開墾,0.0,0.0
修繕,0.0,0.0
造船,0.0,0.7196687370600414
築島,0.0,0.0
とおり,0.0,0.6678321678321678
利便,0.0,0.0
小舟,0.0,0.0
地蔵町,0.0,0.5
地蔵,0.0,0.5
官民,0.0,0.0
造船所,0.0,0.4583333333333333
剛平,0.0,0.0
過剰,0.0,0.0
希望者,0.0,0.0
町歩,0.0,0.0
辞令,0.0,0.0
蛯子,0.0,0.0
町代,0.0,0.25
町会,0.0,0.0
触書,0.0,0.0
税金,0.0,0.0
書類,0.0,0.5
職務,0.0,0.0
裁判所,0.0,0.16666666666666666
大臣,0.0,0.13392857142857142
証書,0.0,0.0
所有,0.0,0.20158730158730157
脱走,0.0,0.0
卯之助,0.0,0.0
何人,0.0,0.0
費用,0.0,0.0
相手,0.0,0.0
着任,0.0,0.5
領事,0.0,0.11036036036036036
先駆,0.0,0.3611111111111111
同人,0.0,0.0
パン,0.0,0.20168067226890757
演劇,0.0,0.25
主人,0.0,0.023255813953488372
役人,0.0,0.0
上陸,0.0,0.14285714285714285
都合,0.0,0.125
約束,0.0,0.0
行方不明,0.0,0.0
両船,0.0,0.0
幕吏,0.0,0.0
陸路,0.0,0.0
村田,0.0,0.0
応接,0.0,0.0
訓令,0.0,0.0
通訳,0.0,0.0
歓迎,0.0,1.1143790849673203
意向,0.0,0.0
洗濯,0.0,0.043478260869565216
手当,0.0,0.0
両日,0.0,0.0
当日,0.0,0.0
観念,0.0,0.0
会見,0.0,0.1
行列,0.0,0.034482758620689655
乗組,0.0,0.0
命令,0.0,0.14285714285714285
日々,0.0,0.11513157894736842
上級,0.0,0.0
各自,0.0,0.0
食事,0.0,0.041666666666666664
出発,0.0,0.1111111111111111
早朝,0.0,0.0
法律,0.0,0.3333333333333333
他人,0.0,0.0
国民,0.0,0.7430555555555556
趣旨,0.0,0.1
忠房,0.0,0.0
松平,0.0,0.0
現実,0.0,0.5643097643097643
番人,0.0,0.0
番屋,0.0,0.0
例年,0.0,0.0
竹田,0.0,0.0
足軽,0.0,0.0
目付,0.0,0.0
砂糖,0.0,0.0
煙草,0.0,0.5666666666666667
異国,0.0,0.05263157894736842
沙汰,0.0,0.0
出帆,0.0,0.0
幸兵衛,0.0,0.0
工藤,0.0,0.0
応対,0.0,0.0
不安,0.0,0.25396825396825395
同地,0.0,0.0
番頭,0.0,0.0
総勢,0.0,0.0
同所,0.0,0.0
来航,0.0,0.0
熊谷,0.0,0.0
藩吏,0.0,0.0
総督,0.0,0.0
ラックスマン,0.0,0.0
漂民,0.0,0.0
処置,0.0,0.0
成績,0.0,0.6928571428571428
田辺,0.0,0.0
経験,0.0,0.046508563899868245
試験,0.0,0.0
監督,0.0,0.8333333333333333
老中,0.0,0.0
用掛,0.0,0.0
両藩,0.0,0.0
高橋,0.0,0.0
厚岸,0.0,0.0
態度,0.0,1.2291666666666667
防備,0.0,0.0
本願寺,0.0,0.0
掛所,0.0,0.0
本山,0.0,0.0
高田,0.0,0.0
愛宕,0.0,0.0
夜話,0.0,0.0
献金,0.0,0.06666666666666667
御用達,0.0,0.0
稲荷,0.0,0.0
宗派,0.0,0.0
全盛,0.0,0.0
中心地,0.0,0.0
産出,0.0,0.0
港内,0.0,0.25
塩鱈,0.0,0.0
開教,0.0,0.0
年額,0.0,0.04
直属,0.0,0.0
対抗,0.0,0.24545454545454548
直接的,0.0,0.0
水夫,0.0,0.0
シビル,0.0,0.0
軍艦,0.0,0.034482758620689655
正教,0.0,0.0
キリスト教,0.0,0.0
信者,0.0,0.0
苦情,0.0,0.0
弾圧,0.0,0.25
渋谷,0.0,0.0
創立,0.0,1.2666666666666666
説教,0.0,0.0
別院,0.0,0.0
寺川,0.0,0.0
末寺,0.0,0.0
東本願寺,0.0,0.0
作風,0.0,0.0
通商,0.0,0.05555555555555555
火葬,0.0,0.0
豊漁,0.0,0.2
乗組員,0.0,0.0
警戒,0.0,0.0
相撲,0.0,0.25
書籍,0.0,0.0
外人,0.0,0.25
水深,0.0,0.0
言語,0.0,0.0
家老,0.0,0.0
薪水,0.0,0.0
上旬,0.0,0.0
海軍,0.0,0.0
思い,0.0,0.2030769230769231
出港,0.0,0.0
困難,0.0,1.0353535353535352
同月,0.0,0.0
両人,0.0,0.0
船内,0.0,0.0
前回,0.0,0.1111111111111111
同船,0.0,0.0
婦女,0.0,0.25
保徳,0.0,0.0
竹内,0.0,0.125
在勤,0.0,0.0
活況,0.0,0.34090909090909094
漁獲,0.0,0.16666666666666666
山背,0.0,0.0
漁期,0.0,0.0
大略,0.0,0.0
商売,0.0,0.13246268656716417
三石,0.0,0.0
近傍,0.0,0.0
集散,0.0,0.0
生命,0.0,0.25396825396825395
海産,0.0,0.146403242147923
守備,0.0,0.0
大漁,0.0,0.0
回復,0.0,0.2
通行,0.0,0.1
ミグ,0.0,0.0
飾り玉,0.0,0.0
剥片,0.0,0.0
臼玉,0.0,0.0
漆塗り,0.0,0.0
石刃,0.0,0.0
団体,0.0,0.2222222222222222
半月,0.0,0.0
用途,0.0,0.0
副葬品,0.0,0.0
漆器,0.0,0.0
粉末,0.0,0.0
原野,0.0,0.0
破損,0.0,0.0
上下,0.0,0.0
千歳,0.0,0.008771929824561403
岩内,0.0,0.0
すべて,0.0,0.9811721611721611
意図,0.0,0.25
精神,0.0,0.05555555555555555
極東,0.0,0.0
英語,0.0,0.0
後志,0.0,0.0
各国,0.0,0.0
漁具,0.0,0.0
人間,0.0,0.75
近代,0.0,0.48125
後継者,0.0,0.125
墓地,0.0,0.25
残り,0.0,0.8333333333333333
気持ち,0.0,0.0
石皿,0.0,0.0
信仰,0.0,0.0
成人,0.0,0.0
秩序,0.0,0.9999999999999999
指揮,0.0,0.0
福井,0.0,0.0
分配,0.0,0.21666666666666667
床面,0.0,0.0
固定,0.0,0.1
直前,0.0,0.3308139534883721
予定,0.0,0.625
方形,0.0,0.0
岩手県,0.0,0.0
柱穴,0.0,0.0
負担,0.0,0.058823529411764705
暖房,0.0,0.2159090909090909
ブロック,0.0,0.0
石灰,0.0,0.0
同町,0.0,0.0
メンバー,0.0,0.0
緊急,0.0,0.31666666666666665
ポイント,0.0,0.0
野球,0.0,0.07692307692307693
木製,0.0,0.0
やじり,0.0,0.0
一端,0.0,0.27692307692307694
工夫,0.0,0.0
頭部,0.0,0.0
紡錘,0.0,0.0
苦労,0.0,0.6111111111111112
小穴,0.0,0.0
装身具,0.0,0.0
結婚,0.0,0.03225806451612903
種別,0.0,0.008620689655172414
工作,0.0,0.0
浸透,0.0,0.0
所有者,0.0,0.0
全域,0.0,0.0
目標,0.0,0.5
金属,0.0,0.0
西南,0.0,0.0
空知,0.0,0.0
夜間,0.0,0.0
記号,0.0,0.0
大腿骨,0.0,0.0
墳墓,0.0,0.0
配石,0.0,0.0
時計,0.0,0.0
委員会,0.0,0.20535714285714285
茅部郡,0.0,0.0
課題,0.0,0.07142857142857142
主催,0.0,0.6111111111111112
概要,0.0,0.0
突起,0.0,0.0
内部,0.0,0.0
校舎,0.0,0.0
亀井,0.0,0.0
交通局,0.0,0.6111111111111112
営業所,0.0,0.7361111111111112
団地,0.0,0.005649717514124294
富士,0.0,0.0
将来,0.0,0.0
道立,0.0,0.0
予想,0.0,0.0
大久保,0.0,0.0
実験,0.0,0.0
宮城県,0.0,0.0
体質,0.0,0.0
現物,0.0,0.0
文学,0.0,0.0
一面,0.0,0.0
境内,0.0,0.0
釣針,0.0,0.0
堀川,0.0,0.6111111111111112
改築,0.0,0.5966666666666666
一気,0.0,0.0
煉瓦,0.0,0.0
丁目,0.0,0.0
住宅,0.0,0.2095238095238095
獲物,0.0,0.0
病院,0.0,0.09
食糧難,0.0,0.0625
集団,0.0,0.5
刺突,0.0,0.0
全盛期,0.0,0.0
詳細,0.0,0.05263157894736842
絵画,0.0,0.0
祭祀,0.0,0.0
低下,0.0,0.5292780748663102
衣服,0.0,0.25
富岡町,0.0,0.0
飲料水,0.0,0.0
井戸,0.0,0.08116883116883117
指導者,0.0,0.0
地主,0.0,0.00398406374501992
区画,0.0,0.0
姿勢,0.0,0.3333333333333333
屋外,0.0,0.0
代わり,0.0,0.2
屋根,0.0,0.05448717948717949
広場,0.0,0.75
革命,0.0,0.3026315789473684
特定,0.0,0.0
全面,0.0,0.09090909090909091
周縁,0.0,0.0
刃部,0.0,0.0
引き,0.0,1.2284090909090908
三角形,0.0,0.041666666666666664
推移,0.0,0.1
千代,0.0,0.688034188034188
平底,0.0,0.0
一般的,0.0,0.0
全国的,0.0,1.142156862745098
無文,0.0,0.0
調整,0.0,0.045454545454545456
経路,0.0,0.0
胴部,0.0,0.0
理由,0.0,0.05448717948717949
日常生活,0.0,0.003067484662576687
武光,0.0,0.0
内面,0.0,0.0
斜行,0.0,0.0
深鉢,0.0,0.0
仕組み,0.0,0.0
名取,0.0,0.0
作業,0.0,0.375
簡素化,0.0,0.0
流行,0.0,0.0
煮炊き,0.0,0.0049261083743842365
側面,0.0,0.8232323232323231
時間差,0.0,0.0
両面,0.0,0.0
一郎,0.0,0.3333333333333333
竹管,0.0,0.0
沈線,0.0,0.0
一環,0.0,0.14285714285714285
底部,0.0,0.0
事柄,0.0,0.0
石組,0.0,0.0
そば,0.0,0.0
乳房,0.0,0.0
内側,0.0,0.0
製法,0.0,0.0
居住,0.0,0.08333333333333333
自然石,0.0,0.0
点列,0.0,0.0
横須賀,0.0,0.0
器面,0.0,0.0
口縁,0.0,0.0
東海岸,0.0,0.0
下層,0.0,0.0
八木,0.0,0.0
有珠,0.0,0.0
胆振,0.0,0.0
海上,0.0,0.0
駒井,0.0,0.05
立石,0.0,0.0
列石,0.0,0.0
指導,0.0,0.5
体部,0.0,0.0
小学校,0.0,0.07142857142857142
裏手,0.0,0.1111111111111111
所在,0.0,0.16666666666666666
南側,0.0,0.0
現場,0.0,0.25
環状,0.0,0.0
大船,0.0,0.0
土塁,0.0,0.0
共同,0.0,0.4220948985654868
回転,0.0,0.0
閉鎖,0.0,0.030303030303030304
細分,0.0,0.0
少数,0.0,0.038461538461538464
器形,0.0,0.0
事態,0.0,1.342857142857143
期待,0.0,0.2
撮影,0.0,0.0
調達,0.0,0.07142857142857142
原体,0.0,0.0
職員,0.0,0.43333333333333335
自転車,0.0,0.011904761904761904
表現,0.0,0.058823529411764705
日間,0.0,0.1845238095238095
虻田,0.0,0.0
入江,0.0,0.0
黄金,0.0,0.0
一体,0.0,0.5
容器,0.0,0.0
神山,0.0,0.012345679012345678
捨場,0.0,0.0
原理,0.0,0.0
領域,0.0,0.0
予算,0.0,0.0
制約,0.0,0.0
科学,0.0,0.0
滑走路,0.0,0.0
短期間,0.0,0.04
宝暦,0.0,0.0
祭り,0.0,0.0
位置付け,0.0,0.0
紀元前,0.0,0.0
代表,0.0,0.7824346405228759
考え,0.0,0.1124470134874759
基部,0.0,0.0
漁法,0.0,0.0
基本,0.0,0.0030864197530864196
初頭,0.0,0.0
海獣,0.0,0.0
白鳥,0.0,0.0
マグロ,0.0,0.0
両側,0.0,0.0
魚群,0.0,0.0
オットセイ,0.0,0.0
クジラ,0.0,0.0
両方,0.0,0.04
処理,0.0,0.125
造り,0.0,0.0
鹿角,0.0,0.0
漁獲量,0.0,0.0
確保,0.0,0.2380952380952381
シカ,0.0,0.0
野外,0.0,0.0
向上,0.0,0.0
岩手,0.0,0.0
解体,0.0,0.037037037037037035
主食,0.0,0.8333333333333333
空間,0.0,0.0
限り,0.0,0.5030395136778115
手法,0.0,0.0
根拠,0.0,0.030303030303030304
配列,0.0,0.0
結束,0.0,0.26666666666666666
様似,0.0,0.0
改良,0.0,0.06666666666666667
身分,0.0,0.0
痕跡,0.0,0.0
入口,0.0,0.0
銭亀,0.0,0.7337662337662337
寺院,0.0,0.0
道具,0.0,0.007518796992481203
骨角,0.0,0.0
製鉄,0.0,0.0
永享,0.0,0.0
鰐口,0.0,0.0
志海苔,0.0,0.08660130718954248
備蓄,0.0,0.0
珠洲,0.0,0.058823529411764705
日持,0.0,0.0
称名,0.0,0.0
屋敷,0.0,0.0
事象,0.0,0.05
鋳物,0.0,0.07692307692307693
吉岡,0.0,0.0
ニュース,0.0,0.1736111111111111
移入,0.0,0.25
武士,0.0,0.0
高等学校,0.0,0.0
加藤,0.0,0.0
入り,0.0,0.7607867708486905
石川県,0.0,0.16666666666666666
小中学,0.0,0.0
能登,0.0,0.1111111111111111
通宝,0.0,0.0
貨幣,0.0,0.0
数量,0.0,0.0
和泉,0.0,0.047619047619047616
政権,0.0,0.0
城下,0.0,0.0
装飾,0.0,0.0
小山,0.0,0.0
構図,0.0,0.0
大鳥,0.0,0.0
系統,0.0,0.4444444444444444
効果,0.0,0.1111111111111111
鹿皮,0.0,0.0
安定,0.0,0.35
鉄製,0.0,0.0
武器,0.0,0.0
器具,0.0,0.13596491228070173
既述,0.0,0.2
交易,0.0,0.0
発足,0.0,0.18633540372670807
いくつ,0.0,0.5
いま,0.0,0.5829545454545455
終わり,0.0,0.0
依頼,0.0,0.3333333333333333
ごろ,0.0,0.2
樽岸,0.0,0.0
母体,0.0,0.0
金具,0.0,0.0
鋳造,0.0,0.0
下級,0.0,0.0
軍政,0.0,0.0
情勢,0.0,0.0
品質,0.0,0.5
不良,0.0,0.0
行為,0.0,1.111111111111111
百姓,0.0,0.0
支配,0.0,0.75
昆布,0.0,0.0
豪商,0.0,0.0
宇賀,0.0,0.009009009009009009
作左衛門,0.0,0.0
日蓮,0.0,0.0
史料,0.0,0.2986111111111111
仏教,0.0,0.0
人びと,0.0,0.26785714285714285
市川,0.0,0.0
十郎,0.0,0.0
実地,0.0,0.0
北条,0.0,0.0
まこと,0.0,0.0
児玉,0.0,0.0
統治,0.0,0.0
安東,0.0,0.0
神奈川県,0.0,0.0
編年,0.0,0.0
守護,0.0,0.0
徴収,0.0,0.0
一族,0.0,0.0
景況,0.0,0.0
形式,0.0,0.5
若狭,0.0,0.0
小浜,0.0,0.0
修理,0.0,0.004016064257028112
保存,0.0,0.18253968253968253
代目,0.0,0.14295664582767056
浜田,0.0,0.0
嘉吉,0.0,0.0
取扱い,0.0,0.0
再建,0.0,1.155128205128205
春日町,0.0,0.0
新田,0.0,0.0
布教,0.0,0.0
大場,0.0,0.0
円筒,0.0,0.0
加賀,0.0,0.0
右衛門,0.0,0.22619047619047616
政通,0.0,0.0
館主,0.0,0.0
戦い,0.0,0.0
町名,0.0,0.02702702702702703
長期,0.0,0.453030303030303
鉄器,0.0,0.0
合同,0.0,0.16666666666666666
築造,0.0,0.0
戦闘,0.0,0.3333333333333333
正雄,0.0,0.0
注目,0.0,0.3333333333333333
展望,0.0,0.0
原住民,0.0,0.0
余り,0.0,0.38095238095238093
近世,0.0,0.0
自ら,0.0,0.5
交渉,0.0,0.5428571428571428
両地,0.0,0.09090909090909091
書記,0.0,0.0
征討,0.0,0.0
正月,0.0,0.0
しだい,0.0,0.0
奥州,0.0,0.0
アリューシャン,0.0,0.0
京都,0.0,0.005405405405405406
余人,0.0,0.1
融通,0.0,0.0
文字,0.0,0.03571428571428571
帯状,0.0,0.0
上磯郡,0.0,0.05555555555555555
弘前,0.0,0.0
撚糸,0.0,0.0
藩主,0.0,0.0
東日本,0.0,0.16724738675958187
計画,0.0,0.4464285714285714
型式,0.0,0.0
試み,0.0,0.03225806451612903
サークル,0.0,0.0
ストーン,0.0,0.0
文書,0.0,0.14285714285714285
歴代,0.0,0.0
名沢,0.0,0.0
座談会,0.0,0.3333333333333333
貯蔵,0.0,0.0
終末,0.0,0.0
大洞,0.0,0.0
木材,0.0,0.2
木工,0.0,0.14285714285714285
夕張,0.0,0.31666666666666665
榎本,0.0,0.0
通説,0.0,0.0
教育委員会,0.0,0.0
発電所,0.0,0.3333333333333333
個々,0.0,0.0
刀子,0.0,0.0
同心,0.0,0.0
織物,0.0,0.05
大和,0.0,0.16666666666666666
田中,0.0,0.14285714285714285
岡山,0.0,0.0
大阪,0.0,0.125
青銅,0.0,0.0
北陸,0.0,0.0
出入り,0.0,0.0
階級,0.0,0.0
特殊性,0.0,0.0
革新,0.0,0.25
星野,0.0,0.0
頭骨,0.0,0.0
祭礼,0.0,0.0
儀式,0.0,0.0
対象,0.0,0.5030581039755352
後背,0.0,0.0
分離,0.0,0.0
会議,0.0,1.1116228070175438
国際,0.0,0.125
研究会,0.0,0.0
限度,0.0,0.3333333333333333
注口,0.0,0.0
病人,0.0,0.0
祈願,0.0,0.0
服装,0.0,0.0
かくて,0.0,0.0
横断,0.0,0.0
住民,0.0,0.25
意志,0.0,0.0
実用,0.0,0.0
区別,0.0,0.0030959752321981426
動揺,0.0,0.0
亀ヶ岡,0.0,0.0
製作,0.0,0.5
新潟,0.0,0.06593642611683849
富山,0.0,0.0
変遷,0.0,0.10302114803625378
認識,0.0,0.0
フィリピン,0.0,0.0
補助,0.0,0.5
覚書,0.0,0.0
産物,0.0,0.24957784532252617
海産物,0.0,0.146403242147923
参加,0.0,0.13392857142857142
一角,0.0,0.3333333333333333
石塚,0.0,0.0
準備,0.0,0.0
コーヒー,0.0,0.0
墓壙,0.0,0.0
農場,0.0,0.0
講師,0.0,0.0
木炭,0.0,0.0
渡辺,0.0,0.25
かかわり,0.0,0.0
個人,0.0,0.1335900386533298
包含,0.0,0.0
日用品,0.0,0.18803418803418803
半数,0.0,0.1
土壌,0.0,0.0
協力,0.0,0.28448275862068967
所蔵,0.0,0.0
左右,0.0,0.0
近辺,0.0,0.0
製品,0.0,1.4444444444444444
白滝,0.0,0.0
北見,0.0,0.008695652173913044
北大,0.0,0.25
敷地内,0.0,0.0
北上,0.0,0.0
後藤,0.0,0.0
仙台,0.0,0.0
江別,0.0,0.0
フゴッペ,0.0,0.0
山越郡,0.0,0.0
街区,0.0,0.0
チャシ,0.0,0.0
整理,0.0,0.06406406406406406
魚類,0.0,0.125
ラサール,0.0,0.0
各県,0.0,0.0
火力,0.0,0.25
クローズアップ,0.0,0.0
時代,3.055200698133937e-05,2.06482683982684
銀行,3.128972108305154e-05,1.3577235772357723
明治,3.718728621278564e-05,4.19472588480222
もの,4.5402614323519006e-05,5.685133755133756
漁業,4.632128908152393e-05,2.6399429073342118
小樽,4.665445168295331e-05,1.8333333333333333
戦争,4.887372268914256e-05,1.6703083466241362
経営,4.977775519373543e-05,1.9337662337662338
制度,4.9888250319284805e-05,1.1111111111111112
イギリス,5.191029900332226e-05,1.0
運動,5.4445389266817834e-05,1.8293650793650793
場所,5.59039534945241e-05,1.649390243902439
ところ,5.7687929101863525e-05,2.026923076923077
製造,5.9254471019176894e-05,1.3538461538461537
市長,6.047175480769231e-05,1.2384615384615385
同年,6.167100064505725e-05,2.51025641025641
需要,6.169587400177461e-05,1.2714285714285714
出張所,6.25e-05,1.0
機能,6.300403225806451e-05,1.0
支店,6.432398139010292e-05,1.424390243902439
活動,6.797928898995537e-05,2.423325693913929
設立,7.150803242491896e-05,1.7344988344988344
最初,7.203644057092333e-05,1.2586206896551724
青森,7.527329998147119e-05,1.2380952380952381
長官,7.599708171206226e-05,1.25
以下,7.743954963587943e-05,1.4224096477118333
以上,8.223404769917681e-05,2.8209567722725617
影響,8.382411831704285e-05,1.705988455988456
当時,8.476531819449494e-05,2.8806645735217162
日露,8.491847826086956e-05,1.0
整備,8.644979508196722e-05,1.35
事務,8.718133718133716e-05,1.7575757575757573
室蘭,8.753501400560223e-05,1.1428571428571428
一般,8.854469125048393e-05,1.8587301587301588
工業,8.912249174255876e-05,1.8024132730015083
流通,9.092133620689656e-05,1.35
市民,9.23374280686189e-05,3.9535193201859866
都市,9.309391648816388e-05,3.0385854341736693
日本,9.633564373767161e-05,4.460725647629147
船渠,0.00010080645161290323,1.0
廃止,0.00010148888112250181,1.4419540229885057
以外,0.00010503163305654408,1.8888888888888888
程度,0.00010896030605602838,1.7363914373088685
役割,0.00010976865310077519,1.2083333333333333
大会,0.00011074420103092783,1.375
日本人,0.0001125861528822055,1.9166666666666665
たち,0.00011299055561213066,3.4927640550821826
開発,0.00011341089466089466,1.596825396825397
周辺,0.00011429264683271834,1.1703567035670357
区内,0.0001201923076923077,1.0
こと,0.00012209357967383038,11.582936507936505
従来,0.00012274796282149225,1.6497326203208555
株式会社,0.00012551106301106303,2.0242424242424244
販売,0.0001262144491311158,2.6171828171828175
ため,0.00012734537984035154,6.376098271686508
よう,0.00012756396279123552,8.306965256965256
労働組合,0.00012849506578947368,1.25
開設,0.00012903528528528528,1.8333333333333333
職業,0.00013300550483351237,1.2513157894736844
か所,0.00013307793847566575,2.061111111111111
労働者,0.0001353176732066217,2.017857142857143
道路,0.00014075526306571388,2.198034188034188
平成,0.00014349489795918366,1.0285714285714285
市街地,0.000146484375,1.125
時点,0.00014740566037735848,1.0
海峡,0.00014748597756410257,1.5102564102564102
戦前,0.0001480588638791764,1.5161227661227663
ドック,0.00014810186982401656,1.2132505175983437
組合,0.0001482862835710937,3.373809523809524
実施,0.0001491588419405321,2.033333333333333
拡大,0.00015135040807560138,1.8791666666666667
海岸,0.00015270691609977325,2.3944444444444444
仕事,0.00015514856097341954,1.270977011494253
大学,0.00015943877551020407,1.0
地帯,0.0001599049707602339,1.1359649122807016
アメリカ軍,0.00016063084112149533,1.1
1人,0.00016127808136004858,1.8888888888888888
ころ,0.00016647043432757718,2.61025641025641
決定,0.00016826267720828787,1.4107142857142856
中心,0.00016978689120575766,3.8032263630089713
物資,0.00017059380570409982,1.8997326203208555
営業,0.00017152749439321526,4.819236482471776
家庭,0.0001743890548502199,1.1495726495726497
商店,0.0001776383171705926,2.4101966873706004
一切,0.00018601190476190475,1.0
不況,0.0001917434625078765,1.6934782608695653
統制,0.00019524332721594385,2.5366013071895424
敗戦,0.00019728535353535353,2.361111111111111
相場,0.00019778481012658228,1.0
現在,0.00019817660445808108,3.7035243841126193
基地,0.00019853193681318679,1.2197802197802197
契機,0.0001988513805004314,1.5526315789473684
アメリカ人,0.00020559210526315788,1.0526315789473684
電気,0.00020612922705314012,1.6490338164251208
朝鮮人,0.00020774812734082392,2.3666666666666663
アメリカ,0.00020971082932122898,2.8252242926155966
引揚者,0.0002125850340136054,1.3333333333333333
警察,0.00021433996037791743,2.4417608286252355
位置,0.00021769188073129104,1.9226546906187625
あと,0.00022065917713239144,1.5816849816849818
記事,0.00022165697674418608,2.4400000000000004
市街,0.00022166418650793648,1.1916666666666667
保護,0.00022295947488584476,2.0833333333333335
開始,0.00022339143990929712,1.5011904761904764
一方,0.00022403975862210458,3.0254329004329
家屋,0.00022595584338663927,1.0701268742791235
ごと,0.00022615131578947368,1.1
映画,0.00022719478737997256,1.1777777777777778
新聞,0.00022945804195804192,5.47027972027972
市場,0.00023186879172773167,3.3018115942028987
自由,0.0002328987150415722,1.565079365079365
禁止,0.00023300438596491225,1.4166666666666665
印刷,0.00023674242424242425,1.0
変更,0.00023781105324074075,1.4611111111111112
衛生,0.00024038461538461537,1.2
旅客,0.00024132076367781153,1.4517857142857142
キロメートル,0.000244140625,1.0
公園,0.00024790415415415414,1.761111111111111
内陸,0.000248015873015873,1.0
食糧,0.00024842379385964914,1.8125
ほか,0.0002496715648112106,3.9095238095238094
創業,0.0002698762464387465,1.3472222222222223
この頃,0.0002701175026896181,2.2473776223776225
女性,0.00027072690506598553,2.5123456790123457
一帯,0.00027901785714285713,1.0
収容,0.0002820839874411303,1.6428571428571428
開業,0.0002834322149481724,1.705128205128205
のち,0.00029790088383838386,1.2583333333333333
利用,0.00029862594966761636,2.236111111111111
給料,0.00030048076923076925,1.0
2人,0.00030209701601454183,1.8754182754182755
進出,0.0003043831168831168,2.162337662337662
配給,0.0003100403893951947,1.4088235294117648
新築,0.0003104474548440065,1.7285714285714284
延長,0.0003125,1.5
品目,0.00032404788838612367,1.4102564102564101
設定,0.0003255208333333333,1.125
移動,0.00032820718037475133,1.3023260917270134
消防,0.0003524095853641308,1.2404817404817405
中野,0.0003551136363636364,1.0
解散,0.0003565228174603175,1.277777777777778
出張,0.00035743464052287585,1.1666666666666667
事件,0.0003646964174937965,2.4274193548387095
午前,0.0003720238095238095,2.0
はず,0.00037651427694645784,1.2530395136778116
業者,0.00037795746408015945,3.2413632119514473
はじめ,0.000383414919961731,4.257439271255061
大火,0.00039131927843705016,3.568831819345897
利用者,0.0003963414634146342,1.04
努力,0.0003977272727272727,1.4
貯蓄,0.00040064102564102563,1.0
連隊,0.00040064102564102563,1.0
会社,0.0004052608938005913,6.86025641025641
記者,0.0004055669398907104,1.5833333333333333
参考,0.00041118421052631577,1.0
定員,0.0004340277777777778,1.1666666666666667
労働,0.0004390636330674401,2.767857142857143
地点,0.0004438920454545455,1.25
移住,0.0004464285714285714,1.0
映画館,0.0004464285714285714,1.0
病気,0.0004464285714285714,1.0
町内,0.0004464285714285714,1.0
恵比須,0.0004547817047817048,1.0769230769230769
西村,0.0004734848484848485,1.0
イギリス人,0.0004734848484848485,1.0
大正,0.0004838181977716709,7.794172932330826
戦後,0.0004892215730823325,3.7102564102564104
メートル,0.0004944750924947145,3.628787878787879
近郊,0.0005011792452830189,1.7
移転,0.0005035871964679912,2.4333333333333336
湯川,0.0005133055717588092,2.283183183183183
経由,0.0005138888888888889,1.6444444444444444
電車,0.0005154103628614606,2.2100796359499433
市電,0.0005367472635124194,1.6145357686453576
なし,0.0005447575836266758,1.080799045915325
立地,0.0005460349462365591,1.0833333333333333
ガス,0.0005481196384803922,1.6838235294117647
品物,0.0005580357142857143,1.1428571428571428
同志,0.0005580357142857143,1.0
専用,0.0005859375000000001,1.5
開通,0.0005918560606060606,1.6666666666666667
太郎,0.000592251950947603,1.7435897435897434
双方,0.0006009615384615385,1.0
時間,0.0006074821058264767,2.9353535353535354
解決,0.0006089154411764706,1.325
ダム,0.0006148726851851851,1.0625
就業,0.000625,1.0
豊川,0.000627147766323024,1.0034364261168385
各町,0.0006300403225806451,1.25
存在,0.0006346484711869327,3.432178932178932
全員,0.0006404842342342343,1.5166666666666668
始め,0.0006639701536643026,1.9972222222222222
工場,0.0006649294333117863,5.642857142857143
午後,0.0006664122568973315,2.857575757575758
前掲,0.0006702058846473892,1.9730861244019138
株式,0.0006729529335912315,2.0242424242424244
社主,0.0006793478260869565,1.0
予科,0.0006793478260869565,1.0
平和,0.00068052074631022,1.3065998329156223
地区,0.0006834743368134888,5.533408230842006
鉄工,0.0006835937500000001,1.75
小売,0.0006901041666666667,1.325
自動車,0.0006930359408386751,2.8386752136752134
地先,0.0006937741312741313,1.6428571428571428
バス,0.000706912756028001,2.6240601503759398
回想,0.0007102272727272727,1.0
なか,0.0007198207565854625,7.048484848484849
失業者,0.000732421875,1.5
浅田,0.000744047619047619,1.0
軍隊,0.000744047619047619,1.0
憲兵,0.000744047619047619,1.0
公認,0.000744047619047619,1.0
商店街,0.0007549894957983192,1.6428571428571428
有様,0.0007603074009324008,1.1678321678321677
昭和,0.0007798454441412474,16.865079365079367
とも,0.0007937087353505819,6.933839512022684
その後,0.0008071636788317605,5.906285692571602
付近,0.0008072916666666667,3.6166666666666667
運行,0.0008223684210526315,1.0
重役,0.0008223684210526315,1.0
就業者,0.0008223684210526315,1.0
立待,0.0008223684210526315,1.0
見出し,0.0008282424812030074,2.517857142857143
紹介,0.000831886574074074,1.9166666666666665
勤務,0.0008370535714285714,1.125
根崎,0.0008392857142857143,1.3428571428571427
丸井,0.0008419531857031857,1.6165501165501166
漁師,0.0008440096952908588,1.0263157894736843
菅原,0.0008465557275541795,1.0294117647058822
掃除,0.0008522727272727272,1.2
洋服,0.0008680555555555555,1.0
中旬,0.0008680555555555555,1.0
断線,0.0008680555555555555,1.0
紹介所,0.0008680555555555555,1.0
タクシー,0.0008738286277348777,1.1185006435006435
生活,0.0008825983589081126,5.436805890873973
宿舎,0.000887784090909091,1.25
朝鮮,0.0008933080808080809,3.144444444444445
雑穀,0.0008951822916666666,1.8333333333333333
大量,0.0009098772685729208,2.154589371980676
必需品,0.0009162808641975308,1.0555555555555556
料理,0.0009191176470588235,1.0
死者,0.0009191176470588235,1.0
登場,0.0009191176470588235,2.0
吉谷,0.0009191176470588235,1.0
行進,0.0009191176470588235,1.0
応援,0.0009191176470588235,1.0
作り,0.0009243399064171122,1.0056818181818181
改造,0.0009364594894561598,1.0188679245283019
焼失,0.0009403935185185184,2.1666666666666665
1日,0.0009420136869662091,6.832739276128237
検挙,0.0009574142156862746,2.0833333333333335
就職,0.000964506172839506,1.6666666666666665
あたり,0.0009682158119658119,2.4166666666666665
青柳,0.0009765625,1.0
外側,0.0009765625,1.0
捕虜,0.0009765625,1.0
障害,0.0009765625,1.0
失業,0.0009895833333333332,1.5833333333333333
中島,0.0010003810975609756,1.024390243902439
東川,0.0010046939300411522,1.7361111111111112
高砂町,0.0010182959401709402,1.6944444444444444
五稜郭,0.0010348088473088473,4.304804804804805
清酒,0.0010416666666666667,1.0
取締,0.001075556506849315,3.35
台頭,0.0010850694444444445,1.1111111111111112
年代,0.0010890151515151516,3.4499999999999997
引揚,0.0010964912280701754,1.3333333333333333
高砂,0.001103153935185185,1.6944444444444444
通り,0.0011101626968035118,5.840343915343915
出火,0.0011160714285714285,1.0
港町,0.0011160714285714285,1.0
衣類,0.0011379076086956521,1.675
料理店,0.001201923076923077,1.0
隊長,0.001201923076923077,1.0
受け入れ,0.001201923076923077,1.0
兵隊,0.0012335526315789473,1.5
買い物,0.0012335526315789473,1.5
故郷,0.0012437266573295984,1.1143790849673203
さん,0.0012716781788472966,1.7905228758169935
五稜郭公園,0.0013020833333333333,1.0
停車場,0.0013020833333333333,1.3333333333333333
徹底,0.0013020833333333333,1.5
取締り,0.0013020833333333333,2.375
街頭,0.0013020833333333333,1.0
大森,0.0013179922462406015,3.205357142857143
方面,0.0013572491067826889,5.81988416988417
到着,0.0013671875000000003,1.7500000000000002
引継,0.0013764880952380951,1.3214285714285714
結局,0.0014204545454545455,1.0
ゴム,0.001439950980392157,2.35
年末,0.00146484375,1.5
弁天,0.0015138239875389409,3.4555555555555557
損害,0.0015357905982905985,1.277777777777778
抜き,0.0015625,1.0
派出所,0.0015625,1.0
開き,0.0015625,1.0
被服,0.0015625,1.0
郡部,0.0016172274695001967,1.1385281385281385
町村,0.0017187500000000002,1.1
市勢,0.0018028846153846155,1.5
路線,0.0018433988764044943,3.5
市内,0.0018492454130172157,5.089123376623378
運転,0.0018601190476190475,2.142857142857143
本人,0.0018717447916666665,1.9166666666666665
終点,0.0018744276556776557,1.5595238095238095
蓬莱町,0.0019898504273504272,2.4833333333333334
末広,0.0020518543956043957,1.9697802197802199
付け,0.0020730610341151384,5.9261904761904765
新川,0.002118895211000474,2.508771929824561
コラム,0.0021344198564593304,1.5026315789473685
森屋,0.002172760996290408,2.0858505564387917
デパート,0.002233673921772008,3.669181695497485
番地,0.0025802752293577983,4.5
リス,0.002740575396825397,1.753968253968254
年版,0.002808059663621865,1.9768740031897927
若松,0.003013858229090017,4.339955849889624
露天,0.003125,2.0
おそれ,0.003676470588235294,2.0
蓬莱,0.004084429824561403,2.4833333333333334
函館駅,0.004137845849802371,6.090909090909091
湯川村,0.004150390625,2.125
鶴岡町,0.004195601851851851,2.4166666666666665
自動,0.005218152966314731,2.8386752136752134
マーケット,0.00522233422939068,2.0053763440860215
銀座,0.005277777777777777,2.533333333333333
十字街,0.005516615358464909,3.6483216237314595
繁華街,0.005899234693877551,2.642857142857143
棒二,0.007709703947368421,3.125
闇市,0.00886574074074074,4.2555555555555555
鶴岡,0.008897569444444444,3.4166666666666665
あり,0.009170119902027797,5.575432900432901
五稜,0.009172169328419327,4.304804804804805
川村,0.009765625,3.125
なり,0.010983227926587303,5.623412698412699
大門,0.012847222222222223,6.166666666666667
駅前,0.028444016838100605,9.506622516556291
